-- phpMyAdmin SQL Dump
-- version 5.1.1
-- https://www.phpmyadmin.net/
--
-- Host: 127.0.0.1
-- Generation Time: Jan 20, 2022 at 07:13 PM
-- Server version: 10.4.21-MariaDB
-- PHP Version: 8.0.11

SET SQL_MODE = "NO_AUTO_VALUE_ON_ZERO";
START TRANSACTION;
SET time_zone = "+00:00";


/*!40101 SET @OLD_CHARACTER_SET_CLIENT=@@CHARACTER_SET_CLIENT */;
/*!40101 SET @OLD_CHARACTER_SET_RESULTS=@@CHARACTER_SET_RESULTS */;
/*!40101 SET @OLD_COLLATION_CONNECTION=@@COLLATION_CONNECTION */;
/*!40101 SET NAMES utf8mb4 */;

--
-- Database: `zarzadzaniemieniem`
--

-- --------------------------------------------------------

--
-- Table structure for table `categories`
--

CREATE TABLE `categories` (
  `id` bigint(20) UNSIGNED NOT NULL,
  `name` varchar(25) COLLATE utf8mb4_unicode_ci NOT NULL,
  `created_at` timestamp NULL DEFAULT NULL,
  `updated_at` timestamp NULL DEFAULT NULL,
  `deleted_at` timestamp NULL DEFAULT NULL
) ENGINE=InnoDB DEFAULT CHARSET=utf8mb4 COLLATE=utf8mb4_unicode_ci;

--
-- Dumping data for table `categories`
--

INSERT INTO `categories` (`id`, `name`, `created_at`, `updated_at`, `deleted_at`) VALUES
(1, 'sit', '2022-01-16 14:06:09', '2022-01-16 14:06:09', NULL),
(2, 'voluptate', '2022-01-16 14:06:09', '2022-01-16 14:06:09', NULL),
(3, 'dolorem', '2022-01-16 14:06:09', '2022-01-16 14:06:09', NULL),
(4, 'qui', '2022-01-16 14:06:09', '2022-01-16 14:06:09', NULL),
(5, 'blanditiis', '2022-01-16 14:06:09', '2022-01-16 14:06:09', NULL),
(6, 'ut', '2022-01-16 14:06:09', '2022-01-16 14:06:09', NULL),
(7, 'fuga', '2022-01-16 14:06:09', '2022-01-16 14:06:09', NULL),
(8, 'suscipit', '2022-01-16 14:06:09', '2022-01-16 14:06:09', NULL),
(9, 'dignissimos', '2022-01-16 14:06:09', '2022-01-16 14:06:09', NULL),
(10, 'facilis', '2022-01-16 14:06:09', '2022-01-16 14:06:09', NULL),
(11, 'quos', '2022-01-16 14:06:09', '2022-01-16 14:06:09', NULL),
(12, 'amet', '2022-01-16 14:06:09', '2022-01-16 14:06:09', NULL),
(13, 'pariatur', '2022-01-16 14:06:09', '2022-01-16 14:06:09', NULL),
(14, 'odit', '2022-01-16 14:06:09', '2022-01-16 14:06:09', NULL),
(15, 'aut', '2022-01-16 14:06:09', '2022-01-16 14:06:09', NULL),
(16, 'et', '2022-01-16 14:06:09', '2022-01-16 14:06:09', NULL),
(17, 'totam', '2022-01-16 14:06:09', '2022-01-16 14:06:09', NULL),
(18, 'eius', '2022-01-16 14:06:09', '2022-01-16 14:06:09', NULL),
(19, 'officia', '2022-01-16 14:06:09', '2022-01-16 14:06:09', NULL),
(20, 'ex', '2022-01-16 14:06:09', '2022-01-16 14:06:09', NULL),
(21, 'tenetur', '2022-01-16 14:06:09', '2022-01-16 14:06:09', NULL),
(22, 'dolorum', '2022-01-16 14:06:09', '2022-01-16 14:06:09', NULL),
(23, 'aspernatur', '2022-01-16 14:06:09', '2022-01-16 14:06:09', NULL),
(24, 'temporibus', '2022-01-16 14:06:09', '2022-01-16 14:06:09', NULL),
(25, 'maiores', '2022-01-16 14:06:09', '2022-01-16 14:06:09', NULL),
(26, 'quae', '2022-01-16 14:06:09', '2022-01-16 14:06:09', NULL),
(27, 'eaque', '2022-01-16 14:06:09', '2022-01-16 14:06:09', NULL),
(28, 'at', '2022-01-16 14:06:09', '2022-01-16 14:06:09', NULL),
(29, 'ratione', '2022-01-16 14:06:09', '2022-01-16 14:06:09', NULL),
(30, 'quo', '2022-01-16 14:06:09', '2022-01-16 14:06:09', NULL),
(31, 'debitis', '2022-01-16 14:06:09', '2022-01-16 14:06:09', NULL),
(32, 'porro', '2022-01-16 14:06:09', '2022-01-16 14:06:09', NULL),
(33, 'ipsam', '2022-01-16 14:06:09', '2022-01-16 14:06:09', NULL),
(34, 'consequatur', '2022-01-16 14:06:09', '2022-01-16 14:06:09', NULL),
(35, 'fugit', '2022-01-16 14:06:09', '2022-01-16 14:06:09', NULL),
(36, 'voluptatem', '2022-01-16 14:06:09', '2022-01-16 14:06:09', NULL),
(37, 'ullam', '2022-01-16 14:06:09', '2022-01-16 14:06:09', NULL),
(38, 'in', '2022-01-16 14:06:09', '2022-01-16 14:06:09', NULL),
(39, 'minima', '2022-01-16 14:06:09', '2022-01-16 14:06:09', NULL),
(40, 'minus', '2022-01-16 14:06:09', '2022-01-16 14:06:09', NULL),
(41, 'quis', '2022-01-16 14:06:09', '2022-01-16 14:06:09', NULL),
(42, 'ea', '2022-01-16 14:06:09', '2022-01-16 14:06:09', NULL),
(43, 'molestiae', '2022-01-16 14:06:09', '2022-01-16 14:06:09', NULL),
(44, 'omnis', '2022-01-16 14:06:09', '2022-01-16 14:06:09', NULL),
(45, 'nostrum', '2022-01-16 14:06:09', '2022-01-16 14:06:09', NULL),
(46, 'voluptates', '2022-01-16 14:06:09', '2022-01-16 14:06:09', NULL),
(47, 'accusantium', '2022-01-16 14:06:09', '2022-01-16 14:06:09', NULL),
(48, 'vel', '2022-01-16 14:06:09', '2022-01-16 14:06:09', NULL),
(49, 'voluptas', '2022-01-16 14:06:09', '2022-01-16 14:06:09', NULL),
(50, 'a', '2022-01-16 14:06:09', '2022-01-16 14:06:09', NULL);

-- --------------------------------------------------------

--
-- Table structure for table `failed_jobs`
--

CREATE TABLE `failed_jobs` (
  `id` bigint(20) UNSIGNED NOT NULL,
  `uuid` varchar(255) COLLATE utf8mb4_unicode_ci NOT NULL,
  `connection` text COLLATE utf8mb4_unicode_ci NOT NULL,
  `queue` text COLLATE utf8mb4_unicode_ci NOT NULL,
  `payload` longtext COLLATE utf8mb4_unicode_ci NOT NULL,
  `exception` longtext COLLATE utf8mb4_unicode_ci NOT NULL,
  `failed_at` timestamp NOT NULL DEFAULT current_timestamp()
) ENGINE=InnoDB DEFAULT CHARSET=utf8mb4 COLLATE=utf8mb4_unicode_ci;

-- --------------------------------------------------------

--
-- Table structure for table `items`
--

CREATE TABLE `items` (
  `id` bigint(20) UNSIGNED NOT NULL,
  `manufacturer_id` bigint(20) UNSIGNED NOT NULL,
  `model_or_name_id` bigint(20) UNSIGNED NOT NULL,
  `category_id` bigint(20) UNSIGNED NOT NULL,
  `created_at` timestamp NULL DEFAULT NULL,
  `updated_at` timestamp NULL DEFAULT NULL,
  `deleted_at` timestamp NULL DEFAULT NULL
) ENGINE=InnoDB DEFAULT CHARSET=utf8mb4 COLLATE=utf8mb4_unicode_ci;

--
-- Dumping data for table `items`
--

INSERT INTO `items` (`id`, `manufacturer_id`, `model_or_name_id`, `category_id`, `created_at`, `updated_at`, `deleted_at`) VALUES
(1, 37, 31, 29, '2022-01-16 14:06:10', '2022-01-16 15:17:00', NULL),
(2, 26, 10, 4, '2022-01-16 14:06:10', '2022-01-16 14:06:10', NULL),
(3, 72, 34, 46, '2022-01-16 14:06:10', '2022-01-16 14:06:10', NULL),
(4, 45, 39, 38, '2022-01-16 14:06:10', '2022-01-16 14:06:10', NULL),
(5, 57, 26, 3, '2022-01-16 14:06:10', '2022-01-16 14:06:10', NULL),
(6, 70, 36, 37, '2022-01-16 14:06:10', '2022-01-16 14:06:10', NULL),
(7, 23, 21, 1, '2022-01-16 14:06:10', '2022-01-16 14:06:10', NULL),
(8, 36, 29, 42, '2022-01-16 14:06:10', '2022-01-16 14:06:10', NULL),
(9, 48, 19, 17, '2022-01-16 14:06:10', '2022-01-16 14:06:10', NULL),
(10, 47, 39, 17, '2022-01-16 14:06:10', '2022-01-16 14:06:10', NULL),
(11, 61, 4, 16, '2022-01-16 14:06:10', '2022-01-16 14:06:10', NULL),
(12, 49, 9, 14, '2022-01-16 14:06:10', '2022-01-16 14:06:10', NULL),
(13, 23, 20, 1, '2022-01-16 14:06:10', '2022-01-16 14:06:10', NULL),
(14, 57, 43, 37, '2022-01-16 14:06:10', '2022-01-16 14:06:10', NULL),
(15, 10, 16, 23, '2022-01-16 14:06:10', '2022-01-16 14:06:10', NULL),
(16, 61, 25, 34, '2022-01-16 14:06:10', '2022-01-16 14:06:10', NULL),
(17, 19, 45, 24, '2022-01-16 14:06:10', '2022-01-16 14:06:10', NULL),
(18, 33, 36, 22, '2022-01-16 14:06:10', '2022-01-16 14:06:10', NULL),
(19, 52, 10, 32, '2022-01-16 14:06:10', '2022-01-16 14:06:10', NULL),
(20, 74, 26, 24, '2022-01-16 14:06:10', '2022-01-16 14:06:10', NULL),
(21, 65, 25, 15, '2022-01-16 14:06:10', '2022-01-16 14:06:10', NULL),
(22, 5, 21, 9, '2022-01-16 14:06:10', '2022-01-16 14:06:10', NULL),
(23, 70, 6, 24, '2022-01-16 14:06:10', '2022-01-16 14:06:10', NULL),
(24, 72, 3, 17, '2022-01-16 14:06:10', '2022-01-16 14:06:10', NULL),
(25, 66, 12, 11, '2022-01-16 14:06:10', '2022-01-16 14:06:10', NULL),
(26, 67, 14, 16, '2022-01-16 14:06:10', '2022-01-16 14:06:10', NULL),
(27, 22, 47, 16, '2022-01-16 14:06:10', '2022-01-16 14:06:10', NULL),
(28, 71, 44, 19, '2022-01-16 14:06:10', '2022-01-16 14:06:10', NULL),
(29, 44, 48, 27, '2022-01-16 14:06:10', '2022-01-16 14:06:10', NULL),
(30, 53, 14, 37, '2022-01-16 14:06:10', '2022-01-16 14:06:10', NULL),
(31, 63, 43, 50, '2022-01-16 14:06:10', '2022-01-16 14:06:10', NULL),
(32, 48, 33, 4, '2022-01-16 14:06:10', '2022-01-16 14:06:10', NULL),
(33, 79, 2, 40, '2022-01-16 14:06:10', '2022-01-16 14:06:10', NULL),
(34, 58, 24, 49, '2022-01-16 14:06:10', '2022-01-16 14:06:10', NULL),
(35, 71, 2, 50, '2022-01-16 14:06:10', '2022-01-16 14:06:10', NULL),
(36, 25, 37, 44, '2022-01-16 14:06:10', '2022-01-16 14:06:10', NULL),
(37, 52, 50, 28, '2022-01-16 14:06:10', '2022-01-16 14:06:10', NULL),
(38, 35, 39, 49, '2022-01-16 14:06:10', '2022-01-16 14:06:10', NULL),
(39, 50, 42, 24, '2022-01-16 14:06:10', '2022-01-16 14:06:10', NULL),
(40, 36, 35, 16, '2022-01-16 14:06:10', '2022-01-16 14:06:10', NULL),
(41, 9, 21, 14, '2022-01-16 14:06:10', '2022-01-16 14:06:10', NULL),
(42, 67, 14, 28, '2022-01-16 14:06:10', '2022-01-16 14:06:10', NULL),
(43, 66, 33, 28, '2022-01-16 14:06:10', '2022-01-16 14:06:10', NULL),
(44, 59, 31, 22, '2022-01-16 14:06:10', '2022-01-16 14:06:10', NULL),
(45, 58, 6, 32, '2022-01-16 14:06:10', '2022-01-16 14:06:10', NULL),
(46, 42, 5, 47, '2022-01-16 14:06:10', '2022-01-16 14:06:10', NULL),
(47, 55, 29, 13, '2022-01-16 14:06:10', '2022-01-16 14:06:10', NULL),
(48, 5, 49, 1, '2022-01-16 14:06:10', '2022-01-16 14:06:10', NULL),
(49, 16, 17, 10, '2022-01-16 14:06:10', '2022-01-16 14:06:10', NULL),
(50, 36, 27, 43, '2022-01-16 14:06:10', '2022-01-16 14:06:10', NULL),
(51, 66, 47, 25, '2022-01-16 14:06:10', '2022-01-16 14:06:10', NULL),
(52, 32, 4, 30, '2022-01-16 14:06:10', '2022-01-16 14:06:10', NULL),
(53, 44, 48, 41, '2022-01-16 14:06:10', '2022-01-16 14:06:10', NULL),
(54, 24, 8, 4, '2022-01-16 14:06:10', '2022-01-16 14:06:10', NULL),
(55, 70, 4, 5, '2022-01-16 14:06:10', '2022-01-16 14:06:10', NULL),
(56, 23, 26, 17, '2022-01-16 14:06:10', '2022-01-16 14:06:10', NULL),
(57, 75, 3, 42, '2022-01-16 14:06:10', '2022-01-16 14:06:10', NULL),
(58, 77, 33, 20, '2022-01-16 14:06:10', '2022-01-16 14:06:10', NULL),
(59, 79, 29, 22, '2022-01-16 14:06:10', '2022-01-16 14:06:10', NULL),
(60, 78, 19, 7, '2022-01-16 14:06:10', '2022-01-16 14:06:10', NULL),
(61, 76, 20, 30, '2022-01-16 14:06:10', '2022-01-16 14:06:10', NULL),
(62, 77, 21, 36, '2022-01-16 14:06:10', '2022-01-16 14:06:10', NULL),
(63, 57, 10, 17, '2022-01-16 14:06:10', '2022-01-16 14:06:10', NULL),
(64, 58, 19, 5, '2022-01-16 14:06:10', '2022-01-16 14:06:10', NULL),
(65, 57, 30, 25, '2022-01-16 14:06:10', '2022-01-16 14:06:10', NULL),
(66, 48, 20, 33, '2022-01-16 14:06:10', '2022-01-16 14:06:10', NULL),
(67, 16, 30, 27, '2022-01-16 14:06:10', '2022-01-16 14:06:10', NULL),
(68, 40, 25, 33, '2022-01-16 14:06:10', '2022-01-16 14:06:10', NULL),
(69, 52, 16, 37, '2022-01-16 14:06:10', '2022-01-16 14:06:10', NULL),
(70, 8, 16, 17, '2022-01-16 14:06:10', '2022-01-16 14:06:10', NULL),
(71, 69, 21, 37, '2022-01-16 14:06:10', '2022-01-16 14:06:10', NULL),
(72, 17, 36, 13, '2022-01-16 14:06:10', '2022-01-16 14:06:10', NULL),
(73, 50, 42, 8, '2022-01-16 14:06:10', '2022-01-16 14:06:10', NULL),
(74, 2, 38, 44, '2022-01-16 14:06:10', '2022-01-16 14:06:10', NULL),
(75, 23, 47, 45, '2022-01-16 14:06:10', '2022-01-16 14:06:10', NULL),
(76, 21, 5, 14, '2022-01-16 14:06:10', '2022-01-16 14:06:10', NULL),
(77, 28, 38, 25, '2022-01-16 14:06:10', '2022-01-16 14:06:10', NULL),
(78, 58, 15, 23, '2022-01-16 14:06:10', '2022-01-16 14:06:10', NULL),
(79, 4, 10, 21, '2022-01-16 14:06:10', '2022-01-16 14:06:10', NULL),
(80, 70, 3, 39, '2022-01-16 14:06:10', '2022-01-16 14:06:10', NULL),
(81, 48, 28, 32, '2022-01-16 14:06:10', '2022-01-16 14:06:10', NULL),
(82, 44, 4, 21, '2022-01-16 14:06:10', '2022-01-16 14:06:10', NULL),
(83, 60, 15, 49, '2022-01-16 14:06:10', '2022-01-16 14:06:10', NULL),
(84, 42, 17, 25, '2022-01-16 14:06:10', '2022-01-16 14:06:10', NULL),
(85, 64, 33, 49, '2022-01-16 14:06:10', '2022-01-16 14:06:10', NULL),
(86, 39, 5, 33, '2022-01-16 14:06:10', '2022-01-16 14:06:10', NULL),
(87, 21, 39, 44, '2022-01-16 14:06:10', '2022-01-16 14:06:10', NULL),
(88, 78, 13, 42, '2022-01-16 14:06:10', '2022-01-16 14:06:10', NULL),
(89, 20, 29, 35, '2022-01-16 14:06:10', '2022-01-16 14:06:10', NULL),
(90, 75, 4, 15, '2022-01-16 14:06:10', '2022-01-16 14:06:10', NULL),
(91, 58, 46, 24, '2022-01-16 14:06:10', '2022-01-16 14:06:10', NULL),
(92, 11, 40, 14, '2022-01-16 14:06:10', '2022-01-16 14:06:10', NULL),
(93, 18, 17, 18, '2022-01-16 14:06:10', '2022-01-16 14:06:10', NULL),
(94, 36, 20, 27, '2022-01-16 14:06:10', '2022-01-16 14:06:10', NULL),
(95, 23, 48, 28, '2022-01-16 14:06:10', '2022-01-16 14:06:10', NULL),
(96, 57, 36, 45, '2022-01-16 14:06:10', '2022-01-16 14:06:10', NULL),
(97, 1, 41, 32, '2022-01-16 14:06:10', '2022-01-16 14:06:10', NULL),
(98, 65, 14, 19, '2022-01-16 14:06:10', '2022-01-16 14:06:10', NULL),
(99, 68, 38, 38, '2022-01-16 14:06:10', '2022-01-16 14:06:10', NULL),
(100, 26, 35, 38, '2022-01-16 14:06:10', '2022-01-16 14:06:10', NULL),
(101, 78, 2, 13, '2022-01-16 14:06:10', '2022-01-16 14:06:10', NULL),
(102, 73, 16, 4, '2022-01-16 14:06:10', '2022-01-16 14:06:10', NULL),
(103, 73, 11, 23, '2022-01-16 14:06:10', '2022-01-16 14:06:10', NULL),
(104, 28, 4, 16, '2022-01-16 14:06:10', '2022-01-16 14:06:10', NULL),
(105, 29, 46, 5, '2022-01-16 14:06:10', '2022-01-16 14:06:10', NULL),
(106, 1, 49, 21, '2022-01-16 14:06:10', '2022-01-16 14:06:10', NULL),
(107, 39, 18, 50, '2022-01-16 14:06:10', '2022-01-16 14:06:10', NULL),
(108, 50, 34, 1, '2022-01-16 14:06:10', '2022-01-16 14:06:10', NULL),
(109, 43, 9, 2, '2022-01-16 14:06:10', '2022-01-16 14:06:10', NULL),
(110, 22, 3, 34, '2022-01-16 14:06:10', '2022-01-16 14:06:10', NULL),
(111, 69, 38, 34, '2022-01-16 14:06:10', '2022-01-16 14:06:10', NULL),
(112, 64, 42, 46, '2022-01-16 14:06:10', '2022-01-16 14:06:10', NULL),
(113, 23, 35, 36, '2022-01-16 14:06:10', '2022-01-16 14:06:10', NULL),
(114, 65, 23, 23, '2022-01-16 14:06:10', '2022-01-16 14:06:10', NULL),
(115, 65, 4, 10, '2022-01-16 14:06:10', '2022-01-16 14:06:10', NULL),
(116, 52, 4, 35, '2022-01-16 14:06:10', '2022-01-16 14:06:10', NULL),
(117, 80, 23, 14, '2022-01-16 14:06:10', '2022-01-16 14:06:10', NULL),
(118, 76, 5, 46, '2022-01-16 14:06:10', '2022-01-16 14:06:10', NULL),
(119, 65, 31, 2, '2022-01-16 14:06:10', '2022-01-16 14:06:10', NULL),
(120, 46, 9, 15, '2022-01-16 14:06:10', '2022-01-16 14:06:10', NULL),
(121, 47, 33, 44, '2022-01-16 14:06:10', '2022-01-16 14:06:10', NULL),
(122, 64, 1, 24, '2022-01-16 14:06:10', '2022-01-16 14:06:10', NULL),
(123, 6, 26, 13, '2022-01-16 14:06:10', '2022-01-16 14:06:10', NULL),
(124, 45, 10, 10, '2022-01-16 14:06:10', '2022-01-16 14:06:10', NULL),
(125, 27, 6, 33, '2022-01-16 14:06:10', '2022-01-16 14:06:10', NULL),
(126, 50, 10, 38, '2022-01-16 14:06:10', '2022-01-16 14:06:10', NULL),
(127, 10, 1, 1, '2022-01-16 14:06:10', '2022-01-16 14:06:10', NULL),
(128, 75, 19, 35, '2022-01-16 14:06:10', '2022-01-16 14:06:10', NULL),
(129, 24, 40, 37, '2022-01-16 14:06:10', '2022-01-16 14:06:10', NULL),
(130, 29, 25, 13, '2022-01-16 14:06:10', '2022-01-16 14:06:10', NULL),
(131, 80, 9, 42, '2022-01-16 14:06:10', '2022-01-16 14:06:10', NULL),
(132, 2, 43, 21, '2022-01-16 14:06:10', '2022-01-16 14:06:10', NULL),
(133, 48, 4, 10, '2022-01-16 14:06:10', '2022-01-16 14:06:10', NULL),
(134, 51, 7, 14, '2022-01-16 14:06:10', '2022-01-16 14:06:10', NULL),
(135, 30, 39, 10, '2022-01-16 14:06:10', '2022-01-16 14:06:10', NULL),
(136, 51, 3, 40, '2022-01-16 14:06:10', '2022-01-16 14:06:10', NULL),
(137, 67, 4, 40, '2022-01-16 14:06:10', '2022-01-16 14:06:10', NULL),
(138, 30, 33, 25, '2022-01-16 14:06:10', '2022-01-16 14:06:10', NULL),
(139, 75, 43, 21, '2022-01-16 14:06:10', '2022-01-16 14:06:10', NULL),
(140, 55, 8, 47, '2022-01-16 14:06:10', '2022-01-16 14:06:10', NULL),
(141, 1, 42, 49, '2022-01-16 14:06:10', '2022-01-16 14:06:10', NULL),
(142, 41, 16, 39, '2022-01-16 14:06:10', '2022-01-16 14:06:10', NULL),
(143, 43, 14, 38, '2022-01-16 14:06:10', '2022-01-16 14:06:10', NULL),
(144, 17, 10, 27, '2022-01-16 14:06:10', '2022-01-16 14:06:10', NULL),
(145, 44, 29, 27, '2022-01-16 14:06:10', '2022-01-16 14:06:10', NULL),
(146, 64, 29, 30, '2022-01-16 14:06:10', '2022-01-16 14:06:10', NULL),
(147, 46, 26, 46, '2022-01-16 14:06:10', '2022-01-16 14:06:10', NULL),
(148, 27, 41, 11, '2022-01-16 14:06:10', '2022-01-16 14:06:10', NULL),
(149, 1, 19, 22, '2022-01-16 14:06:10', '2022-01-16 14:06:10', NULL),
(150, 53, 19, 26, '2022-01-16 14:06:10', '2022-01-16 14:06:10', NULL);

-- --------------------------------------------------------

--
-- Table structure for table `item_user`
--

CREATE TABLE `item_user` (
  `id` bigint(20) UNSIGNED NOT NULL,
  `item_id` bigint(20) UNSIGNED NOT NULL,
  `user_id` bigint(20) UNSIGNED NOT NULL,
  `serial_number` varchar(12) COLLATE utf8mb4_unicode_ci DEFAULT NULL,
  `purcharse_date` date DEFAULT NULL,
  `warranty_end` date DEFAULT NULL,
  `assignment_date` date DEFAULT NULL,
  `created_at` timestamp NULL DEFAULT NULL,
  `updated_at` timestamp NULL DEFAULT NULL,
  `deleted_at` timestamp NULL DEFAULT NULL
) ENGINE=InnoDB DEFAULT CHARSET=utf8mb4 COLLATE=utf8mb4_unicode_ci;

--
-- Dumping data for table `item_user`
--

INSERT INTO `item_user` (`id`, `item_id`, `user_id`, `serial_number`, `purcharse_date`, `warranty_end`, `assignment_date`, `created_at`, `updated_at`, `deleted_at`) VALUES
(1, 51, 1, '5RQOASM8MZ5', '2012-08-05', '2020-06-24', '2019-06-07', '2022-01-16 14:06:10', '2022-01-16 14:06:10', NULL),
(3, 104, 4, 'V0N77Z', '2012-06-03', '2018-07-20', '2020-07-04', '2022-01-16 14:06:10', '2022-01-16 14:06:10', NULL),
(4, 109, 18, 'CQYJWUAXRR', '2014-01-26', '2018-01-15', '2015-10-13', '2022-01-16 14:06:10', '2022-01-16 14:06:10', NULL),
(5, 130, 24, '0RRBT5G0K', '2013-03-19', '2017-07-20', '2015-02-21', '2022-01-16 14:06:10', '2022-01-16 14:06:10', NULL),
(6, 87, 42, 'QLVL2N', '2013-12-07', '2020-02-02', '2016-09-30', '2022-01-16 14:06:10', '2022-01-16 14:06:10', NULL),
(7, 125, 22, '0FSV763', '2012-08-08', '2020-06-09', '2017-08-18', '2022-01-16 14:06:10', '2022-01-16 14:06:10', NULL),
(8, 130, 8, 'MHF6PFGW', '2014-01-31', '2019-04-11', '2020-06-23', '2022-01-16 14:06:10', '2022-01-16 14:06:10', NULL),
(9, 50, 15, 'FBSJQ1Q7JV', '2015-02-20', '2016-08-09', '2016-10-19', '2022-01-16 14:06:10', '2022-01-16 14:06:10', NULL),
(10, 69, 43, 'ZD62P40HOL', '2012-10-13', '2014-09-02', '2017-05-03', '2022-01-16 14:06:10', '2022-01-16 14:06:10', NULL),
(11, 99, 22, 'P879BL', '2017-11-27', '2018-11-18', '2019-11-03', '2022-01-16 14:06:10', '2022-01-16 14:06:10', NULL),
(12, 39, 47, '659R7JH', '2017-02-16', '2017-09-22', '2021-12-22', '2022-01-16 14:06:10', '2022-01-16 14:06:10', NULL),
(13, 46, 5, '2OJP3QESZ', '2015-01-01', '2018-12-18', '2019-01-22', '2022-01-16 14:06:10', '2022-01-16 14:06:10', NULL),
(14, 21, 47, 'F6NX0LN', '2014-12-30', '2018-03-20', '2016-01-02', '2022-01-16 14:06:10', '2022-01-16 14:06:10', NULL),
(15, 122, 28, '3X5DHBV', '2014-12-15', '2020-06-12', '2015-12-20', '2022-01-16 14:06:10', '2022-01-16 14:06:10', NULL),
(16, 74, 26, '4QKRZV70', '2012-12-04', '2019-01-11', '2019-04-02', '2022-01-16 14:06:10', '2022-01-16 14:06:10', NULL),
(17, 119, 42, 'RVG2Q1OD', '2015-12-28', '2021-09-01', '2021-02-03', '2022-01-16 14:06:10', '2022-01-16 14:06:10', NULL),
(18, 138, 47, '0LIFXQ6K3', '2017-01-30', '2019-12-27', '2017-11-27', '2022-01-16 14:06:10', '2022-01-16 14:06:10', NULL),
(19, 43, 44, '5H9RN8M3HD', '2016-11-08', '2019-08-04', '2017-09-24', '2022-01-16 14:06:10', '2022-01-16 14:06:10', NULL),
(20, 110, 44, 'I8SHNX', '2012-01-22', '2021-08-16', '2015-03-21', '2022-01-16 14:06:10', '2022-01-16 14:06:10', NULL),
(21, 96, 32, 'W5YBO3HAZS', '2012-07-10', '2016-03-18', '2021-12-30', '2022-01-16 14:06:10', '2022-01-16 14:06:10', NULL),
(22, 88, 41, 'Y5R9GLO', '2015-09-04', '2017-03-23', '2018-05-03', '2022-01-16 14:06:10', '2022-01-16 14:06:10', NULL),
(23, 142, 21, 'GWD5TH', '2012-12-18', '2013-10-30', '2016-03-15', '2022-01-16 14:06:10', '2022-01-16 14:06:10', NULL),
(24, 42, 18, 'ASUQRG', '2014-10-17', '2021-03-24', '2020-09-27', '2022-01-16 14:06:10', '2022-01-16 14:06:10', NULL),
(25, 49, 41, 'THWCFI0', '2015-07-07', '2016-11-17', '2020-08-21', '2022-01-16 14:06:10', '2022-01-16 14:06:10', NULL),
(26, 78, 31, 'K8K74OP3LG', '2013-05-27', '2017-07-09', '2013-12-03', '2022-01-16 14:06:10', '2022-01-16 14:06:10', NULL),
(27, 67, 6, '7RIAUWUO9', '2016-10-16', '2021-01-30', '2017-01-27', '2022-01-16 14:06:10', '2022-01-16 14:06:10', NULL),
(28, 107, 36, '6MMJE2RB', '2014-06-15', '2015-03-07', '2019-05-10', '2022-01-16 14:06:10', '2022-01-16 14:06:10', NULL),
(29, 48, 33, 'E91OC83', '2014-09-04', '2014-09-18', '2019-01-07', '2022-01-16 14:06:10', '2022-01-16 14:06:10', NULL),
(30, 36, 25, 'YTU8C2', '2013-10-24', '2016-02-19', '2018-06-13', '2022-01-16 14:06:10', '2022-01-16 14:06:10', NULL),
(31, 119, 39, 'YRB7TPD9', '2012-04-30', '2020-01-05', '2019-10-24', '2022-01-16 14:06:10', '2022-01-16 14:06:10', NULL),
(32, 10, 8, 'IQQFEZ7E', '2012-05-15', '2016-02-09', '2013-08-21', '2022-01-16 14:06:10', '2022-01-16 14:06:10', NULL),
(33, 101, 22, 'VKMTJNL', '2017-07-31', '2020-09-04', '2020-10-15', '2022-01-16 14:06:10', '2022-01-16 14:06:10', NULL),
(34, 92, 31, '5175IW3SDM', '2014-08-21', '2016-11-17', '2014-09-29', '2022-01-16 14:06:10', '2022-01-16 14:06:10', NULL),
(35, 76, 5, 'TKPJO0H', '2013-10-23', '2016-01-18', '2016-01-18', '2022-01-16 14:06:10', '2022-01-16 14:06:10', NULL),
(36, 128, 21, '6SKAG1R', '2015-09-05', '2020-02-06', '2018-09-07', '2022-01-16 14:06:10', '2022-01-16 14:06:10', NULL),
(37, 101, 34, 'RP3YRD9ZS', '2014-05-07', '2015-02-16', '2016-07-30', '2022-01-16 14:06:10', '2022-01-16 14:06:10', NULL),
(38, 16, 17, 'LJA344YFVN', '2017-06-30', '2018-12-25', '2017-12-12', '2022-01-16 14:06:10', '2022-01-16 14:06:10', NULL),
(39, 135, 27, 'XIF7Q61EK', '2017-09-17', '2018-12-13', '2020-11-17', '2022-01-16 14:06:10', '2022-01-16 14:06:10', NULL),
(40, 102, 50, 'SM7YKBO', '2013-05-30', '2014-08-11', '2014-02-14', '2022-01-16 14:06:10', '2022-01-16 14:06:10', NULL),
(41, 99, 14, 'TV1S41MGW8', '2017-09-15', '2018-04-20', '2019-05-11', '2022-01-16 14:06:10', '2022-01-16 14:06:10', NULL),
(42, 19, 36, '41M7UM', '2013-06-03', '2019-03-07', '2014-11-21', '2022-01-16 14:06:10', '2022-01-16 14:06:10', NULL),
(43, 99, 1, 'G9E592N', '2015-06-04', '2021-01-31', '2019-02-24', '2022-01-16 14:06:10', '2022-01-16 14:06:10', NULL),
(44, 54, 34, 'QSL024LA', '2014-01-23', '2021-08-01', '2018-05-16', '2022-01-16 14:06:10', '2022-01-16 14:06:10', NULL),
(45, 44, 15, 'YQLJTQ', '2016-12-17', '2018-11-03', '2020-11-28', '2022-01-16 14:06:10', '2022-01-16 14:06:10', NULL),
(46, 84, 14, 'KYLM6O35JM', '2017-10-11', '2020-06-07', '2021-03-15', '2022-01-16 14:06:10', '2022-01-16 14:06:10', NULL),
(47, 113, 18, 'L5P9NXFII', '2016-09-22', '2020-05-26', '2019-12-08', '2022-01-16 14:06:10', '2022-01-16 14:06:10', NULL),
(48, 6, 36, 'NOJJHCOR8', '2016-10-06', '2017-03-19', '2019-07-07', '2022-01-16 14:06:10', '2022-01-16 14:06:10', NULL),
(49, 80, 26, 'RBVO83FG', '2013-10-20', '2018-03-08', '2019-11-14', '2022-01-16 14:06:10', '2022-01-16 14:06:10', NULL),
(50, 14, 49, 'EXM5GTPDCZ', '2016-06-06', '2018-10-06', '2020-05-06', '2022-01-16 14:06:10', '2022-01-16 14:06:10', NULL),
(51, 135, 38, 'J1AZOUNH1D', '2014-07-15', '2015-10-06', '2016-09-14', '2022-01-16 14:06:10', '2022-01-16 14:06:10', NULL),
(52, 5, 30, 'HPR6FMB3', '2015-11-27', '2017-03-16', '2021-02-09', '2022-01-16 14:06:10', '2022-01-16 14:06:10', NULL),
(53, 92, 19, '2Q4VQCUE', '2014-09-24', '2016-10-13', '2016-07-19', '2022-01-16 14:06:10', '2022-01-16 14:06:10', NULL),
(54, 140, 2, 'YTR2T36R', '2015-05-17', '2018-01-11', '2016-04-04', '2022-01-16 14:06:10', '2022-01-16 14:06:10', NULL),
(55, 15, 32, '3SD3H9AGR', '2013-09-14', '2020-06-27', '2020-12-12', '2022-01-16 14:06:10', '2022-01-16 14:06:10', NULL),
(56, 135, 26, 'MC12MI', '2015-04-10', '2017-02-16', '2015-07-03', '2022-01-16 14:06:10', '2022-01-16 14:06:10', NULL),
(57, 71, 48, 'JUVFMFBR1', '2013-05-15', '2016-09-16', '2021-10-14', '2022-01-16 14:06:10', '2022-01-16 14:06:10', NULL),
(58, 29, 44, 'ZEBFKVBUZ', '2012-09-29', '2017-12-15', '2013-09-18', '2022-01-16 14:06:10', '2022-01-16 14:06:10', NULL),
(59, 66, 26, '1ZW9OZPJLA', '2012-04-29', '2017-04-08', '2016-03-16', '2022-01-16 14:06:10', '2022-01-16 14:06:10', NULL),
(60, 4, 41, 'FDTMXQDZ3', '2016-10-19', '2019-07-07', '2017-10-22', '2022-01-16 14:06:10', '2022-01-16 14:06:10', NULL),
(61, 10, 11, 'EW5JEJ', '2015-06-14', '2021-12-07', '2020-01-09', '2022-01-16 14:06:10', '2022-01-16 14:06:10', NULL),
(62, 69, 44, 'XQ10YIS', '2017-07-24', '2020-04-10', '2021-03-27', '2022-01-16 14:06:10', '2022-01-16 14:06:10', NULL),
(63, 69, 35, 'LF0AAF74', '2017-09-24', '2019-03-26', '2019-04-24', '2022-01-16 14:06:10', '2022-01-16 14:06:10', NULL),
(64, 133, 42, 'JVRL301MT', '2014-09-09', '2018-02-26', '2015-12-24', '2022-01-16 14:06:10', '2022-01-16 14:06:10', NULL),
(65, 78, 23, 'GC435O', '2013-05-08', '2018-06-27', '2018-10-18', '2022-01-16 14:06:10', '2022-01-16 14:06:10', NULL),
(66, 77, 20, '77ERZTF3X1', '2016-12-30', '2021-06-24', '2021-02-14', '2022-01-16 14:06:10', '2022-01-16 14:06:10', NULL),
(67, 140, 28, 'I3MU2B1FI', '2014-09-11', '2019-11-18', '2021-12-03', '2022-01-16 14:06:10', '2022-01-16 14:06:10', NULL),
(68, 22, 51, 'OB2XUDTH', '2017-10-17', '2020-11-06', '2020-08-23', '2022-01-16 14:06:10', '2022-01-16 14:06:10', NULL),
(69, 4, 20, 'JMSHXA7C2', '2012-10-17', '2019-11-09', '2016-09-14', '2022-01-16 14:06:10', '2022-01-16 14:06:10', NULL),
(70, 87, 9, 'V0TT868C', '2013-03-11', '2013-09-26', '2014-06-14', '2022-01-16 14:06:10', '2022-01-16 14:06:10', NULL),
(71, 109, 13, '8N1L7982', '2014-06-22', '2017-10-08', '2020-10-08', '2022-01-16 14:06:10', '2022-01-16 14:06:10', NULL),
(72, 117, 26, '7QHFD8R', '2017-04-30', '2020-09-15', '2021-02-24', '2022-01-16 14:06:10', '2022-01-16 14:06:10', NULL),
(73, 67, 47, '500O23', '2016-08-25', '2017-01-15', '2016-10-12', '2022-01-16 14:06:10', '2022-01-16 14:06:10', NULL),
(74, 23, 44, '01EYN5HX', '2015-03-17', '2020-06-03', '2015-11-21', '2022-01-16 14:06:10', '2022-01-16 14:06:10', NULL),
(75, 23, 41, '2LLDQWG7B', '2016-04-27', '2018-03-17', '2016-08-19', '2022-01-16 14:06:10', '2022-01-16 14:06:10', NULL),
(76, 67, 17, 'IATZO9', '2017-07-09', '2020-04-28', '2017-09-08', '2022-01-16 14:06:10', '2022-01-16 14:06:10', NULL),
(77, 19, 28, 'FBGV30C5S', '2012-01-23', '2018-03-17', '2017-12-23', '2022-01-16 14:06:10', '2022-01-16 14:06:10', NULL),
(78, 138, 48, 'AE1BCX', '2016-02-10', '2019-05-04', '2018-11-07', '2022-01-16 14:06:10', '2022-01-16 14:06:10', NULL),
(79, 12, 24, '3UG03YZK', '2013-01-25', '2017-05-19', '2015-05-01', '2022-01-16 14:06:10', '2022-01-16 14:06:10', NULL),
(80, 58, 43, 'V8JOK1', '2016-03-08', '2020-12-16', '2020-04-14', '2022-01-16 14:06:10', '2022-01-16 14:06:10', NULL),
(81, 47, 13, '3LMJ4D4Q', '2016-08-20', '2020-12-09', '2021-10-29', '2022-01-16 14:06:10', '2022-01-16 14:06:10', NULL),
(82, 131, 40, 'AT9BRX', '2016-02-02', '2021-09-27', '2020-04-14', '2022-01-16 14:06:10', '2022-01-16 14:06:10', NULL),
(83, 78, 31, 'V7FSPI6S9W', '2013-07-14', '2017-03-15', '2016-11-09', '2022-01-16 14:06:10', '2022-01-16 14:06:10', NULL),
(84, 80, 29, 'Y2D7YBX', '2017-07-18', '2020-04-03', '2019-05-11', '2022-01-16 14:06:10', '2022-01-16 14:06:10', NULL),
(85, 45, 51, '1EVH3ENBCR', '2016-02-23', '2021-01-10', '2020-08-01', '2022-01-16 14:06:10', '2022-01-16 14:06:10', NULL),
(86, 129, 52, 'EQUFGK8', '2016-01-24', '2020-09-30', '2020-08-26', '2022-01-16 14:06:10', '2022-01-16 14:06:10', NULL),
(87, 92, 3, 'TJF5I9', '2014-10-08', '2019-12-13', '2014-11-04', '2022-01-16 14:06:10', '2022-01-16 14:06:10', NULL),
(88, 125, 6, 'UQXAL4EI', '2017-11-09', '2018-01-29', '2019-11-22', '2022-01-16 14:06:10', '2022-01-16 14:06:10', NULL),
(89, 18, 47, '8U20UVXMYQ', '2015-01-27', '2015-03-17', '2016-03-12', '2022-01-16 14:06:10', '2022-01-16 14:06:10', NULL),
(90, 34, 32, 'WMHKRJ3HYQ', '2016-05-07', '2018-05-08', '2016-12-23', '2022-01-16 14:06:10', '2022-01-16 14:06:10', NULL),
(91, 141, 24, 'C1ZDGOHBOO', '2012-11-23', '2020-11-08', '2017-05-05', '2022-01-16 14:06:10', '2022-01-16 14:06:10', NULL),
(92, 146, 44, 'HCSKUGMD0', '2014-05-25', '2014-10-22', '2015-06-13', '2022-01-16 14:06:10', '2022-01-16 14:06:10', NULL),
(93, 7, 25, 'AXXZCIBJV', '2014-07-23', '2017-01-04', '2015-12-22', '2022-01-16 14:06:10', '2022-01-16 14:06:10', NULL),
(94, 116, 36, '97VBFVKHJ', '2015-03-03', '2020-08-19', '2018-12-17', '2022-01-16 14:06:10', '2022-01-16 14:06:10', NULL),
(95, 68, 44, 'W7A2IFN', '2012-01-12', '2020-10-22', '2012-12-07', '2022-01-16 14:06:10', '2022-01-16 14:06:10', NULL),
(96, 27, 26, 'JQ533LAH', '2017-05-23', '2020-08-24', '2021-02-22', '2022-01-16 14:06:10', '2022-01-16 14:06:10', NULL),
(97, 109, 51, 'BMHX898LS', '2012-10-07', '2019-04-26', '2016-07-26', '2022-01-16 14:06:10', '2022-01-16 14:06:10', NULL),
(98, 116, 36, '5IB1ZO0', '2015-07-21', '2017-10-26', '2016-02-24', '2022-01-16 14:06:10', '2022-01-16 14:06:10', NULL),
(99, 60, 20, 'Q6NS7SKB7', '2015-01-08', '2018-12-09', '2019-01-30', '2022-01-16 14:06:10', '2022-01-16 14:06:10', NULL),
(100, 53, 8, 'PREXFA', '2017-08-17', '2021-07-09', '2017-09-08', '2022-01-16 14:06:10', '2022-01-16 14:06:10', NULL),
(101, 133, 15, '0OMT2V61PN', '2014-10-25', '2018-07-28', '2021-09-15', '2022-01-16 14:06:10', '2022-01-16 14:06:10', NULL),
(102, 129, 35, 'GOK837', '2016-02-06', '2016-05-17', '2021-10-30', '2022-01-16 14:06:10', '2022-01-16 14:06:10', NULL),
(103, 136, 6, '9DUK791', '2013-02-17', '2019-02-17', '2021-08-14', '2022-01-16 14:06:10', '2022-01-16 14:06:10', NULL),
(104, 135, 17, '0SZNUBON2', '2017-04-17', '2018-11-02', '2020-09-10', '2022-01-16 14:06:10', '2022-01-16 14:06:10', NULL),
(105, 50, 10, 'VI8D1T', '2017-09-17', '2020-11-18', '2019-03-14', '2022-01-16 14:06:10', '2022-01-16 14:06:10', NULL),
(106, 133, 44, 'LIZ3YV5O', '2017-04-29', '2020-09-09', '2020-01-25', '2022-01-16 14:06:10', '2022-01-16 14:06:10', NULL),
(107, 144, 22, '1JMF02Z', '2015-06-20', '2021-03-21', '2016-08-26', '2022-01-16 14:06:10', '2022-01-16 14:06:10', NULL),
(108, 13, 42, 'V1MMSGE5RA', '2015-03-11', '2021-01-11', '2021-09-06', '2022-01-16 14:06:10', '2022-01-16 14:06:10', NULL),
(109, 113, 17, 'BP0468BM', '2016-06-02', '2016-07-24', '2020-04-06', '2022-01-16 14:06:10', '2022-01-16 14:06:10', NULL),
(110, 33, 39, '0ETWLE', '2015-02-27', '2018-07-03', '2020-07-13', '2022-01-16 14:06:10', '2022-01-16 14:06:10', NULL),
(111, 22, 34, 'LMF7UIXDC', '2016-09-26', '2017-06-16', '2019-01-15', '2022-01-16 14:06:10', '2022-01-16 14:06:10', NULL),
(112, 58, 22, 'WXQQMFS', '2012-04-26', '2012-06-21', '2020-07-19', '2022-01-16 14:06:10', '2022-01-16 14:06:10', NULL),
(113, 111, 35, '25JC73GO', '2014-11-05', '2016-05-31', '2017-02-17', '2022-01-16 14:06:10', '2022-01-16 14:06:10', NULL),
(114, 92, 5, '3BGRNWLPK', '2013-01-08', '2018-08-02', '2021-04-19', '2022-01-16 14:06:10', '2022-01-16 14:06:10', NULL),
(115, 52, 26, 'A2LQ0VBY69', '2014-11-08', '2019-10-21', '2015-11-11', '2022-01-16 14:06:10', '2022-01-16 14:06:10', NULL),
(116, 22, 30, 'VQ5EDP', '2012-09-22', '2015-02-11', '2014-02-15', '2022-01-16 14:06:10', '2022-01-16 14:06:10', NULL),
(117, 24, 24, 'FEA01YNYM', '2017-12-24', '2021-09-15', '2020-09-15', '2022-01-16 14:06:10', '2022-01-16 14:06:10', NULL),
(118, 102, 30, 'MZ2V32', '2017-02-10', '2019-04-02', '2019-02-27', '2022-01-16 14:06:10', '2022-01-16 14:06:10', NULL),
(119, 3, 40, '9NM7PHN', '2017-05-09', '2021-06-09', '2021-02-02', '2022-01-16 14:06:10', '2022-01-16 14:06:10', NULL),
(120, 62, 33, 'VEVT44KIL', '2015-09-12', '2020-04-30', '2020-08-22', '2022-01-16 14:06:10', '2022-01-16 14:06:10', NULL),
(121, 142, 38, 'X01MFZ', '2017-08-05', '2020-10-27', '2017-09-16', '2022-01-16 14:06:10', '2022-01-16 14:06:10', NULL),
(122, 69, 49, '93B2M3V3N1', '2014-11-20', '2015-11-23', '2017-02-04', '2022-01-16 14:06:10', '2022-01-16 14:06:10', NULL),
(123, 56, 2, 'XRGCN7E428', '2013-05-14', '2019-12-21', '2017-09-29', '2022-01-16 14:06:10', '2022-01-16 14:06:10', NULL),
(124, 72, 44, '84P3X72', '2015-10-21', '2018-01-02', '2021-05-28', '2022-01-16 14:06:10', '2022-01-16 14:06:10', NULL),
(125, 132, 18, 'W8HM84Q', '2014-05-22', '2017-07-15', '2019-05-24', '2022-01-16 14:06:10', '2022-01-16 14:06:10', NULL),
(126, 60, 40, 'XEW0VPFNB', '2016-10-22', '2021-05-29', '2021-11-20', '2022-01-16 14:06:10', '2022-01-16 14:06:10', NULL),
(127, 84, 48, '8SX4I472MQ', '2015-05-11', '2020-07-19', '2017-06-03', '2022-01-16 14:06:10', '2022-01-16 14:06:10', NULL),
(128, 61, 3, 'DQ0J99', '2016-09-29', '2020-08-31', '2020-07-06', '2022-01-16 14:06:10', '2022-01-16 14:06:10', NULL),
(129, 82, 22, 'BXRB2PB', '2017-02-20', '2021-02-17', '2021-03-31', '2022-01-16 14:06:10', '2022-01-16 14:06:10', NULL),
(130, 7, 12, 'C2GIY5', '2014-09-15', '2017-10-01', '2019-04-07', '2022-01-16 14:06:10', '2022-01-16 14:06:10', NULL),
(131, 29, 6, 'GSCVWT', '2014-12-31', '2017-03-23', '2019-11-05', '2022-01-16 14:06:10', '2022-01-16 14:06:10', NULL),
(132, 73, 1, '12RYM7X', '2012-03-28', '2019-11-21', '2019-10-22', '2022-01-16 14:06:10', '2022-01-16 14:06:10', NULL),
(133, 112, 26, '3KGRNS6N', '2013-04-21', '2013-09-19', '2021-08-26', '2022-01-16 14:06:10', '2022-01-16 14:06:10', NULL),
(134, 54, 27, 'KYVIY349NS', '2013-11-02', '2021-06-15', '2015-11-23', '2022-01-16 14:06:10', '2022-01-16 14:06:10', NULL),
(135, 113, 25, 'FFDL2IPJ', '2013-05-01', '2019-04-12', '2021-08-15', '2022-01-16 14:06:10', '2022-01-16 14:06:10', NULL),
(136, 109, 41, 'RZ60IU7JK9', '2014-11-02', '2014-12-28', '2018-08-15', '2022-01-16 14:06:10', '2022-01-16 14:06:10', NULL),
(137, 56, 5, 'VPRCDVLCCX', '2016-06-23', '2020-01-22', '2020-01-13', '2022-01-16 14:06:10', '2022-01-16 14:06:10', NULL),
(138, 2, 28, 'CUG2818I', '2012-01-30', '2019-03-01', '2018-04-08', '2022-01-16 14:06:10', '2022-01-16 14:06:10', NULL),
(139, 50, 13, 'M3LEDBZQGD', '2012-01-07', '2013-07-15', '2014-03-30', '2022-01-16 14:06:10', '2022-01-16 14:06:10', NULL),
(140, 44, 52, 'OJMBJM', '2017-04-16', '2021-06-11', '2019-12-04', '2022-01-16 14:06:10', '2022-01-16 14:06:10', NULL),
(141, 138, 52, 'MRXSKQ', '2014-04-20', '2018-10-14', '2018-08-10', '2022-01-16 14:06:10', '2022-01-16 14:06:10', NULL),
(142, 78, 38, 'UIYLG3R', '2017-09-19', '2021-02-24', '2021-06-14', '2022-01-16 14:06:10', '2022-01-16 14:06:10', NULL),
(143, 95, 3, '7A887Y5U', '2014-06-08', '2021-03-22', '2015-05-28', '2022-01-16 14:06:10', '2022-01-16 14:06:10', NULL),
(144, 15, 14, 'V3U41412', '2015-07-08', '2017-02-24', '2018-11-26', '2022-01-16 14:06:10', '2022-01-16 14:06:10', NULL),
(145, 50, 22, '7Z06QXDH', '2012-10-18', '2013-01-20', '2020-07-07', '2022-01-16 14:06:10', '2022-01-16 14:06:10', NULL),
(146, 150, 52, 'DA1500MG8', '2015-11-25', '2020-05-01', '2016-09-22', '2022-01-16 14:06:10', '2022-01-16 14:06:10', NULL),
(147, 52, 25, '3U8Z18M', '2016-07-26', '2020-05-26', '2019-02-03', '2022-01-16 14:06:10', '2022-01-16 14:06:10', NULL),
(148, 75, 34, '4MOAGJC', '2012-01-20', '2013-11-28', '2012-05-25', '2022-01-16 14:06:10', '2022-01-16 14:06:10', NULL),
(149, 86, 47, 'Q9MFR7L0U', '2012-01-03', '2013-11-07', '2020-06-06', '2022-01-16 14:06:10', '2022-01-16 14:06:10', NULL),
(150, 16, 1, 'ST58YLY', '2017-03-07', '2017-12-10', '2020-01-09', '2022-01-16 14:06:10', '2022-01-16 14:06:10', NULL),
(151, 92, 44, '9EKUXIZUQT', '2016-06-10', '2021-10-04', '2020-08-14', '2022-01-16 14:06:10', '2022-01-16 14:06:10', NULL),
(152, 51, 25, '94MU8LASN', '2015-12-12', '2017-03-25', '2019-12-20', '2022-01-16 14:06:10', '2022-01-16 14:06:10', NULL),
(153, 94, 43, '6T4VNA52', '2014-10-16', '2021-07-12', '2021-12-30', '2022-01-16 14:06:10', '2022-01-16 14:06:10', NULL),
(154, 86, 26, 'W42YUPC', '2015-11-10', '2016-10-04', '2021-12-01', '2022-01-16 14:06:10', '2022-01-16 14:06:10', NULL),
(155, 66, 3, 'P4P2RB0Z', '2017-07-03', '2018-09-01', '2020-10-09', '2022-01-16 14:06:10', '2022-01-16 14:06:10', NULL),
(156, 110, 42, 'TL7109', '2012-07-07', '2021-02-12', '2021-11-06', '2022-01-16 14:06:10', '2022-01-16 14:06:10', NULL),
(157, 139, 2, 'TT52NS', '2016-10-13', '2020-07-01', '2020-06-19', '2022-01-16 14:06:10', '2022-01-16 14:06:10', NULL),
(158, 129, 34, 'MRZ28U', '2017-08-29', '2019-01-22', '2021-01-16', '2022-01-16 14:06:10', '2022-01-16 14:06:10', NULL),
(159, 96, 50, 'CSJ5DT', '2014-08-08', '2020-07-17', '2019-07-16', '2022-01-16 14:06:10', '2022-01-16 14:06:10', NULL),
(160, 108, 32, '8LYIOX2D7O', '2014-11-22', '2017-09-01', '2015-09-02', '2022-01-16 14:06:10', '2022-01-16 14:06:10', NULL),
(161, 140, 24, 'XIRZK7T', '2015-09-08', '2016-03-28', '2021-09-15', '2022-01-16 14:06:10', '2022-01-16 14:06:10', NULL),
(162, 66, 28, 'TDB2248AW', '2012-02-09', '2019-07-09', '2016-12-29', '2022-01-16 14:06:10', '2022-01-16 14:06:10', NULL),
(163, 149, 50, 'HU2BT1I4YE', '2015-08-25', '2018-02-13', '2020-06-21', '2022-01-16 14:06:10', '2022-01-16 14:06:10', NULL),
(164, 119, 7, 'KP305E0', '2014-10-08', '2015-06-28', '2017-04-06', '2022-01-16 14:06:10', '2022-01-16 14:06:10', NULL),
(165, 19, 38, 'O7X4DJQCO', '2016-06-30', '2021-11-18', '2019-04-11', '2022-01-16 14:06:10', '2022-01-16 14:06:10', NULL),
(166, 108, 7, '88SUP6V7K', '2013-07-28', '2018-07-10', '2018-07-16', '2022-01-16 14:06:10', '2022-01-16 14:06:10', NULL),
(167, 135, 43, 'N4CNBT0G15', '2014-11-11', '2016-11-06', '2019-11-04', '2022-01-16 14:06:10', '2022-01-16 14:06:10', NULL),
(168, 23, 1, 'UQB7K03L', '2017-12-07', '2020-12-31', '2020-10-07', '2022-01-16 14:06:10', '2022-01-16 14:06:10', NULL),
(169, 118, 11, '48L1UVAU', '2012-09-22', '2016-09-23', '2016-11-13', '2022-01-16 14:06:10', '2022-01-16 14:06:10', NULL),
(170, 139, 21, '1DXP33JWP', '2017-02-03', '2018-05-05', '2017-02-24', '2022-01-16 14:06:10', '2022-01-16 14:06:10', NULL),
(171, 113, 31, 'FFV3XGH8', '2012-04-24', '2017-03-06', '2018-07-05', '2022-01-16 14:06:10', '2022-01-16 14:06:10', NULL),
(172, 53, 41, 'WBBNWE', '2015-12-29', '2017-10-30', '2018-08-19', '2022-01-16 14:06:10', '2022-01-16 14:06:10', NULL),
(173, 108, 25, 'V8DU7B7', '2015-04-18', '2017-08-07', '2016-11-17', '2022-01-16 14:06:10', '2022-01-16 14:06:10', NULL),
(174, 98, 37, '1CCI6P', '2017-11-14', '2018-12-28', '2020-06-08', '2022-01-16 14:06:10', '2022-01-16 14:06:10', NULL),
(175, 29, 10, 'RIW88J51', '2012-08-19', '2019-08-14', '2019-08-22', '2022-01-16 14:06:10', '2022-01-16 14:06:10', NULL),
(176, 113, 10, 'DD9I9VAV', '2013-01-07', '2017-09-18', '2015-09-02', '2022-01-16 14:06:10', '2022-01-16 14:06:10', NULL),
(177, 144, 33, 'ZB3S3USN1Q', '2013-11-30', '2021-05-22', '2018-06-18', '2022-01-16 14:06:10', '2022-01-16 14:06:10', NULL),
(178, 115, 39, 'UOR8CG', '2015-04-27', '2021-02-14', '2019-10-31', '2022-01-16 14:06:10', '2022-01-16 14:06:10', NULL),
(179, 141, 30, 'XM6018XC', '2017-06-19', '2019-11-30', '2019-06-15', '2022-01-16 14:06:10', '2022-01-16 14:06:10', NULL),
(180, 61, 22, 'LJAGZV', '2012-02-27', '2017-01-13', '2015-06-14', '2022-01-16 14:06:10', '2022-01-16 14:06:10', NULL),
(181, 59, 13, 'ZTFRUAATO', '2015-06-29', '2020-10-25', '2017-07-27', '2022-01-16 14:06:10', '2022-01-16 14:06:10', NULL),
(182, 130, 3, 'WU4YGL0FU', '2015-10-18', '2016-10-17', '2018-07-31', '2022-01-16 14:06:10', '2022-01-16 14:06:10', NULL),
(183, 107, 45, 'UAYF4SNBN', '2017-06-01', '2017-07-10', '2021-10-16', '2022-01-16 14:06:10', '2022-01-16 14:06:10', NULL),
(184, 60, 34, 'DC7UARLXZ', '2013-05-02', '2020-02-09', '2016-10-21', '2022-01-16 14:06:10', '2022-01-16 14:06:10', NULL),
(185, 114, 3, '5JOIO85D', '2016-04-23', '2018-09-18', '2021-08-16', '2022-01-16 14:06:10', '2022-01-16 14:06:10', NULL),
(186, 69, 8, 'FP6AP9F740', '2015-10-18', '2021-01-02', '2020-04-29', '2022-01-16 14:06:10', '2022-01-16 14:06:10', NULL),
(187, 46, 10, '75DYEEK', '2015-08-06', '2020-03-25', '2016-12-03', '2022-01-16 14:06:10', '2022-01-16 14:06:10', NULL),
(188, 140, 2, 'ERHVTS', '2012-10-25', '2016-01-25', '2020-09-24', '2022-01-16 14:06:10', '2022-01-16 14:06:10', NULL),
(189, 94, 47, 'YIQMR4', '2014-01-19', '2015-03-15', '2016-11-22', '2022-01-16 14:06:10', '2022-01-16 14:06:10', NULL),
(190, 7, 43, 'EKLWH8N', '2015-10-10', '2018-07-06', '2018-11-17', '2022-01-16 14:06:10', '2022-01-16 14:06:10', NULL),
(191, 59, 32, '6W80N7ROI', '2016-06-16', '2017-06-09', '2019-03-21', '2022-01-16 14:06:10', '2022-01-16 14:06:10', NULL),
(192, 111, 23, '33XUX47RQR', '2013-02-25', '2015-01-31', '2016-04-05', '2022-01-16 14:06:10', '2022-01-16 14:06:10', NULL),
(193, 35, 12, 'C5QCQ3Y', '2016-09-03', '2016-10-20', '2021-08-19', '2022-01-16 14:06:10', '2022-01-16 14:06:10', NULL),
(194, 13, 17, 'KU70MUD5M', '2017-01-02', '2017-01-25', '2019-12-23', '2022-01-16 14:06:10', '2022-01-16 14:06:10', NULL),
(195, 132, 30, '2ZR1OWJ', '2016-09-02', '2018-05-29', '2021-06-30', '2022-01-16 14:06:10', '2022-01-16 14:06:10', NULL),
(196, 104, 38, '9ICRMYGFDM', '2013-11-21', '2021-08-03', '2014-09-17', '2022-01-16 14:06:10', '2022-01-16 14:06:10', NULL),
(197, 98, 29, '03R6Z1', '2012-09-09', '2021-04-15', '2020-02-11', '2022-01-16 14:06:10', '2022-01-16 14:06:10', NULL),
(198, 130, 1, 'N7NAI5WU', '2016-10-05', '2017-10-13', '2017-12-08', '2022-01-16 14:06:10', '2022-01-16 14:06:10', NULL),
(199, 13, 43, 'BQIBDETPVL', '2012-03-04', '2020-08-26', '2020-06-03', '2022-01-16 14:06:10', '2022-01-16 14:06:10', NULL),
(200, 74, 1, 'J34DK1X', '2013-12-09', '2017-03-09', '2018-06-25', '2022-01-16 14:06:10', '2022-01-16 14:06:10', NULL),
(201, 50, 16, '8RL8UTTV7I', '2015-06-21', '2019-10-18', '2017-10-21', '2022-01-16 14:06:10', '2022-01-16 14:06:10', NULL),
(202, 137, 31, '7XLE6GJII', '2015-07-08', '2017-02-18', '2016-09-17', '2022-01-16 14:06:10', '2022-01-16 14:06:10', NULL),
(203, 92, 35, 'FUDOHIIV', '2014-07-26', '2020-01-21', '2021-12-13', '2022-01-16 14:06:10', '2022-01-16 14:06:10', NULL),
(204, 18, 39, 'TXL62DE8X4', '2015-10-10', '2020-05-29', '2017-10-10', '2022-01-16 14:06:10', '2022-01-16 14:06:10', NULL),
(205, 113, 4, 'G91E41CL8', '2017-02-13', '2021-09-13', '2018-04-15', '2022-01-16 14:06:10', '2022-01-16 14:06:10', NULL),
(206, 56, 7, '26YC4JX', '2013-03-01', '2015-09-08', '2019-01-13', '2022-01-16 14:06:10', '2022-01-16 14:06:10', NULL),
(207, 40, 20, '42P5QP7Q', '2013-11-23', '2013-12-14', '2020-01-11', '2022-01-16 14:06:10', '2022-01-16 14:06:10', NULL),
(208, 8, 5, 'D9EHD0Q', '2014-11-04', '2015-11-22', '2015-09-13', '2022-01-16 14:06:10', '2022-01-16 14:06:10', NULL),
(209, 70, 23, 'HAKWP7YSHA', '2014-10-10', '2016-10-06', '2014-12-10', '2022-01-16 14:06:10', '2022-01-16 14:06:10', NULL),
(210, 115, 2, '2DAWHYG', '2016-03-28', '2016-10-17', '2019-09-27', '2022-01-16 14:06:10', '2022-01-16 14:06:10', NULL),
(211, 61, 33, '6BJF2L', '2016-12-26', '2018-01-18', '2018-11-02', '2022-01-16 14:06:10', '2022-01-16 14:06:10', NULL),
(212, 124, 25, '11F0H3V85', '2012-05-01', '2016-06-08', '2015-06-05', '2022-01-16 14:06:10', '2022-01-16 14:06:10', NULL),
(213, 5, 11, 'TRQ2GIUF89', '2015-01-10', '2020-01-19', '2021-07-12', '2022-01-16 14:06:10', '2022-01-16 14:06:10', NULL),
(214, 114, 41, 'RXRK8JBNB', '2013-12-04', '2015-08-01', '2021-01-06', '2022-01-16 14:06:10', '2022-01-16 14:06:10', NULL),
(215, 111, 11, 'NDNKNVG', '2014-02-06', '2018-05-23', '2019-07-25', '2022-01-16 14:06:10', '2022-01-16 14:06:10', NULL),
(216, 89, 16, 'IWXGGU', '2013-01-01', '2020-08-16', '2013-05-05', '2022-01-16 14:06:10', '2022-01-16 14:06:10', NULL),
(217, 35, 30, 'Y06A4OOT', '2013-02-24', '2019-01-21', '2015-07-04', '2022-01-16 14:06:10', '2022-01-16 14:06:10', NULL),
(218, 100, 33, 'P9TH4YS0', '2016-10-04', '2019-11-12', '2018-05-02', '2022-01-16 14:06:10', '2022-01-16 14:06:10', NULL),
(219, 102, 7, 'OZIYLVTN4L', '2012-12-03', '2020-01-23', '2016-05-24', '2022-01-16 14:06:10', '2022-01-16 14:06:10', NULL),
(220, 145, 26, 'EEPKA7C3', '2012-08-15', '2021-01-02', '2017-07-06', '2022-01-16 14:06:10', '2022-01-16 14:06:10', NULL),
(221, 80, 37, 'H22EQH', '2013-05-07', '2013-09-15', '2017-07-25', '2022-01-16 14:06:10', '2022-01-16 14:06:10', NULL),
(222, 149, 32, '1ZW32TVLWN', '2017-06-04', '2021-11-16', '2020-10-21', '2022-01-16 14:06:10', '2022-01-16 14:06:10', NULL),
(223, 112, 10, '2WE28XNR', '2017-02-11', '2018-08-21', '2018-05-03', '2022-01-16 14:06:10', '2022-01-16 14:06:10', NULL),
(224, 60, 15, 'S25453F73', '2015-10-06', '2020-07-01', '2017-05-20', '2022-01-16 14:06:10', '2022-01-16 14:06:10', NULL),
(225, 135, 33, 'A8CHKY', '2013-12-11', '2020-07-19', '2017-02-16', '2022-01-16 14:06:10', '2022-01-16 14:06:10', NULL),
(226, 125, 40, 'AHT6PQGT', '2013-06-01', '2018-03-04', '2016-08-20', '2022-01-16 14:06:10', '2022-01-16 14:06:10', NULL),
(227, 64, 33, 'GQQ2WLRA', '2013-04-01', '2015-11-13', '2018-11-29', '2022-01-16 14:06:10', '2022-01-16 14:06:10', NULL),
(228, 63, 51, '6D16L0Y', '2015-10-14', '2019-06-04', '2017-11-15', '2022-01-16 14:06:10', '2022-01-16 14:06:10', NULL),
(229, 72, 35, 'GG93RRD', '2017-10-04', '2021-04-19', '2021-04-29', '2022-01-16 14:06:10', '2022-01-16 14:06:10', NULL),
(230, 42, 19, 'OP8QVYPVX', '2015-10-24', '2016-11-06', '2019-02-07', '2022-01-16 14:06:10', '2022-01-16 14:06:10', NULL),
(231, 90, 6, 'KTIVP4', '2015-12-20', '2017-05-01', '2016-05-30', '2022-01-16 14:06:10', '2022-01-16 14:06:10', NULL),
(232, 71, 39, 'KSCWUO', '2015-10-15', '2019-03-05', '2016-04-14', '2022-01-16 14:06:10', '2022-01-16 14:06:10', NULL),
(233, 50, 21, 'THDBNO', '2017-03-20', '2019-03-28', '2017-12-08', '2022-01-16 14:06:10', '2022-01-16 14:06:10', NULL),
(234, 96, 29, 'HI8ZS0P', '2017-03-08', '2020-04-21', '2018-03-18', '2022-01-16 14:06:10', '2022-01-16 14:06:10', NULL),
(235, 79, 30, 'CODCQ6', '2013-08-04', '2015-03-10', '2020-11-17', '2022-01-16 14:06:10', '2022-01-16 14:06:10', NULL),
(236, 84, 45, 'UWSEMGH6OE', '2012-12-03', '2014-09-06', '2015-01-16', '2022-01-16 14:06:10', '2022-01-16 14:06:10', NULL),
(237, 121, 48, 'BRR0PRH', '2014-08-26', '2016-04-06', '2020-03-23', '2022-01-16 14:06:10', '2022-01-16 14:06:10', NULL),
(238, 16, 33, '7JOM0CAN', '2015-01-19', '2020-11-30', '2017-03-31', '2022-01-16 14:06:10', '2022-01-16 14:06:10', NULL),
(239, 48, 35, '3POPGSEZI', '2015-07-09', '2020-04-08', '2016-04-29', '2022-01-16 14:06:10', '2022-01-16 14:06:10', NULL),
(240, 29, 22, 'E0Z0QQCS1', '2012-10-05', '2015-10-05', '2019-11-09', '2022-01-16 14:06:10', '2022-01-16 14:06:10', NULL),
(241, 83, 9, '3T27BG0', '2014-03-09', '2016-06-17', '2018-10-11', '2022-01-16 14:06:10', '2022-01-16 14:06:10', NULL),
(242, 27, 38, 'IDUFC5U3I', '2013-07-24', '2017-03-26', '2021-09-26', '2022-01-16 14:06:10', '2022-01-16 14:06:10', NULL),
(243, 30, 22, 'HVBIOIBH', '2014-09-13', '2021-09-15', '2021-05-04', '2022-01-16 14:06:10', '2022-01-16 14:06:10', NULL),
(244, 97, 6, 'YKXNC3', '2017-06-30', '2018-08-09', '2021-06-21', '2022-01-16 14:06:10', '2022-01-16 14:06:10', NULL),
(245, 71, 49, '9CFPX2E5ZI', '2017-10-18', '2020-06-10', '2019-03-18', '2022-01-16 14:06:10', '2022-01-16 14:06:10', NULL),
(246, 124, 26, 'ABBCTC79', '2014-06-02', '2019-01-07', '2021-07-22', '2022-01-16 14:06:11', '2022-01-16 14:06:11', NULL),
(247, 3, 44, 'IH9IKGMU3', '2014-08-13', '2018-07-27', '2020-02-24', '2022-01-16 14:06:11', '2022-01-16 14:06:11', NULL),
(248, 84, 34, 'JQNKOTE', '2013-09-02', '2016-07-25', '2017-12-13', '2022-01-16 14:06:11', '2022-01-16 14:06:11', NULL),
(249, 26, 43, 'CLE839WP1M', '2012-10-16', '2013-09-09', '2016-06-23', '2022-01-16 14:06:11', '2022-01-16 14:06:11', NULL),
(250, 11, 51, 'LBE402', '2017-09-11', '2019-06-21', '2019-04-07', '2022-01-16 14:06:11', '2022-01-16 14:06:11', NULL),
(251, 143, 45, '4O8VECEA8', '2013-10-20', '2018-02-09', '2019-10-21', '2022-01-16 14:06:11', '2022-01-16 14:06:11', NULL),
(252, 92, 1, 'TANK9Q35', '2014-09-22', '2017-12-07', '2020-09-04', '2022-01-16 14:06:11', '2022-01-16 14:06:11', NULL),
(253, 31, 52, 'OIAO7QLOWX', '2012-08-29', '2015-11-21', '2015-09-05', '2022-01-16 14:06:11', '2022-01-16 14:06:11', NULL),
(254, 110, 5, 'IEU2VW7G', '2016-09-24', '2020-02-07', '2018-11-29', '2022-01-16 14:06:11', '2022-01-16 14:06:11', NULL),
(255, 142, 35, '9343M0OQ', '2015-06-22', '2020-07-15', '2019-12-30', '2022-01-16 14:06:11', '2022-01-16 14:06:11', NULL),
(256, 21, 30, 'T226ICUA', '2016-02-19', '2018-09-06', '2019-07-17', '2022-01-16 14:06:11', '2022-01-16 14:06:11', NULL),
(257, 137, 52, 'F5CAPWL6', '2012-07-04', '2016-06-28', '2018-06-08', '2022-01-16 14:06:11', '2022-01-16 14:06:11', NULL),
(258, 73, 25, 'AZ3P41E', '2012-10-21', '2013-04-24', '2012-10-28', '2022-01-16 14:06:11', '2022-01-16 14:06:11', NULL),
(259, 134, 17, '1YM5I8I7L', '2013-09-19', '2020-08-24', '2018-06-30', '2022-01-16 14:06:11', '2022-01-16 14:06:11', NULL),
(260, 119, 4, 'KWQH2AZN', '2013-04-04', '2019-07-28', '2020-10-06', '2022-01-16 14:06:11', '2022-01-16 14:06:11', NULL),
(261, 15, 51, 'SFEF6XPN', '2017-10-26', '2019-07-07', '2020-10-22', '2022-01-16 14:06:11', '2022-01-16 14:06:11', NULL),
(262, 18, 21, 'QMJLV6Q', '2015-10-07', '2019-08-27', '2015-11-19', '2022-01-16 14:06:11', '2022-01-16 14:06:11', NULL),
(263, 32, 9, 'E5X1HN', '2016-08-29', '2017-10-06', '2017-08-01', '2022-01-16 14:06:11', '2022-01-16 14:06:11', NULL),
(264, 44, 41, '4UAH33K', '2016-05-14', '2019-03-28', '2017-07-29', '2022-01-16 14:06:11', '2022-01-16 14:06:11', NULL),
(265, 42, 22, 'CKN5AC5SV', '2015-07-20', '2020-03-06', '2018-12-09', '2022-01-16 14:06:11', '2022-01-16 14:06:11', NULL),
(266, 137, 30, 'PCGU5UBF', '2015-11-16', '2020-10-28', '2021-03-09', '2022-01-16 14:06:11', '2022-01-16 14:06:11', NULL),
(267, 129, 9, 'C5AMMPX3', '2014-01-08', '2015-04-12', '2016-05-11', '2022-01-16 14:06:11', '2022-01-16 14:06:11', NULL),
(268, 54, 28, 'PMKU7ZYO4A', '2012-05-04', '2021-01-26', '2015-07-20', '2022-01-16 14:06:11', '2022-01-16 14:06:11', NULL),
(269, 31, 21, '3D840EXBLX', '2014-09-24', '2015-01-10', '2021-06-21', '2022-01-16 14:06:11', '2022-01-16 14:06:11', NULL),
(270, 57, 1, 'P9J0JEM', '2015-01-08', '2020-09-23', '2020-12-11', '2022-01-16 14:06:11', '2022-01-16 14:06:11', NULL),
(271, 140, 13, 'LXCOB8S3', '2013-12-07', '2015-10-12', '2020-10-24', '2022-01-16 14:06:11', '2022-01-16 14:06:11', NULL),
(272, 144, 37, 'VUJQ2ZT', '2015-06-09', '2021-12-01', '2018-02-06', '2022-01-16 14:06:11', '2022-01-16 14:06:11', NULL),
(273, 45, 26, 'L7X34EBK6', '2012-11-11', '2016-04-17', '2020-10-23', '2022-01-16 14:06:11', '2022-01-16 14:06:11', NULL),
(274, 12, 15, 'N76FUWL1UC', '2013-01-20', '2020-06-01', '2019-05-13', '2022-01-16 14:06:11', '2022-01-16 14:06:11', NULL),
(275, 59, 14, 'RU96MVH9N1', '2016-03-29', '2018-09-13', '2020-03-04', '2022-01-16 14:06:11', '2022-01-16 14:06:11', NULL),
(276, 61, 35, '30JGWZ1', '2013-10-27', '2017-12-10', '2018-07-25', '2022-01-16 14:06:11', '2022-01-16 14:06:11', NULL),
(277, 110, 41, 'NP974R2WT', '2014-05-28', '2020-07-03', '2019-05-23', '2022-01-16 14:06:11', '2022-01-16 14:06:11', NULL),
(278, 68, 44, '1I332MEH', '2015-07-05', '2016-06-12', '2017-04-03', '2022-01-16 14:06:11', '2022-01-16 14:06:11', NULL),
(279, 134, 14, '5O9IUS7N', '2015-09-17', '2018-12-02', '2020-02-23', '2022-01-16 14:06:11', '2022-01-16 14:06:11', NULL),
(280, 75, 3, 'F4Y2BN3U4', '2012-04-05', '2018-05-01', '2019-05-23', '2022-01-16 14:06:11', '2022-01-16 14:06:11', NULL),
(281, 41, 2, '7IYHNRVJ8J', '2015-03-03', '2017-10-04', '2021-12-22', '2022-01-16 14:06:11', '2022-01-16 14:06:11', NULL),
(282, 120, 29, 'NENDM85Y', '2017-02-19', '2020-01-20', '2019-08-25', '2022-01-16 14:06:11', '2022-01-16 14:06:11', NULL),
(283, 15, 36, 'D8YKGYI69R', '2012-09-15', '2016-06-02', '2020-09-21', '2022-01-16 14:06:11', '2022-01-16 14:06:11', NULL),
(284, 92, 14, 'TOA4I5G', '2013-01-29', '2021-08-29', '2021-04-12', '2022-01-16 14:06:11', '2022-01-16 14:06:11', NULL),
(285, 143, 14, 'I889T1', '2013-05-25', '2017-11-17', '2014-10-03', '2022-01-16 14:06:11', '2022-01-16 14:06:11', NULL),
(286, 92, 43, 'RWEBLK', '2015-11-14', '2018-05-21', '2016-09-29', '2022-01-16 14:06:11', '2022-01-16 14:06:11', NULL),
(287, 96, 30, '6X6I6QES4N', '2016-08-04', '2017-05-16', '2017-08-10', '2022-01-16 14:06:11', '2022-01-16 14:06:11', NULL),
(288, 102, 33, 'MA6AZM', '2014-06-03', '2015-08-01', '2017-11-15', '2022-01-16 14:06:11', '2022-01-16 14:06:11', NULL),
(289, 89, 17, '6THJA6C5Y', '2015-04-06', '2017-12-27', '2017-06-09', '2022-01-16 14:06:11', '2022-01-16 14:06:11', NULL),
(290, 131, 21, 'X9OBJ7NIPS', '2017-03-10', '2019-07-27', '2018-10-05', '2022-01-16 14:06:11', '2022-01-16 14:06:11', NULL),
(291, 133, 38, 'AOWQ34', '2013-01-15', '2019-05-31', '2015-03-31', '2022-01-16 14:06:11', '2022-01-16 14:06:11', NULL),
(292, 98, 29, 'PD8R8KJQ5W', '2015-02-14', '2019-02-12', '2015-11-23', '2022-01-16 14:06:11', '2022-01-16 14:06:11', NULL),
(293, 140, 4, '3T9FPSQOO', '2012-06-24', '2018-07-11', '2020-07-29', '2022-01-16 14:06:11', '2022-01-16 14:06:11', NULL),
(294, 92, 47, 'YHNF3B', '2015-10-03', '2017-04-14', '2020-03-12', '2022-01-16 14:06:11', '2022-01-16 14:06:11', NULL),
(295, 77, 1, 'RIOCU0', '2016-06-16', '2016-08-30', '2021-06-18', '2022-01-16 14:06:11', '2022-01-16 14:06:11', NULL),
(296, 71, 38, '69FKUC', '2013-03-02', '2015-12-27', '2020-04-23', '2022-01-16 14:06:11', '2022-01-16 14:06:11', NULL),
(297, 104, 36, '9M9ZQ7JQ', '2017-07-14', '2020-03-15', '2021-01-27', '2022-01-16 14:06:11', '2022-01-16 14:06:11', NULL),
(298, 15, 9, 'CKQU7DV', '2013-08-20', '2020-04-24', '2019-04-25', '2022-01-16 14:06:11', '2022-01-16 14:06:11', NULL),
(299, 25, 18, 'YWCOL6KB2I', '2012-07-10', '2013-04-24', '2017-08-23', '2022-01-16 14:06:11', '2022-01-16 14:06:11', NULL),
(300, 2, 27, 'NWEXH0', '2013-01-08', '2013-03-29', '2015-10-04', '2022-01-16 14:06:11', '2022-01-16 14:06:11', NULL),
(301, 1, 10, 'DSD7MQC7', '2016-01-22', '2017-09-20', '2021-02-09', '2022-01-16 14:06:11', '2022-01-16 14:06:11', NULL),
(302, 35, 28, 'GWDL52UWAT', '2017-10-08', '2019-02-10', '2021-07-17', '2022-01-16 14:06:11', '2022-01-16 14:06:11', NULL),
(303, 139, 12, 'O6JGWTO', '2017-06-22', '2019-05-30', '2017-11-24', '2022-01-16 14:06:11', '2022-01-16 14:06:11', NULL),
(304, 43, 33, 'TD4U9SA4ZU', '2014-09-19', '2020-03-21', '2017-09-06', '2022-01-16 14:06:11', '2022-01-16 14:06:11', NULL),
(305, 122, 24, '9F9JQJWQ', '2013-08-26', '2015-12-16', '2020-11-29', '2022-01-16 14:06:11', '2022-01-16 14:06:11', NULL),
(306, 20, 21, '1LP8WZ', '2014-03-18', '2015-01-01', '2018-05-01', '2022-01-16 14:06:11', '2022-01-16 14:06:11', NULL),
(307, 63, 23, '2BZNWWUX', '2016-11-21', '2017-02-18', '2018-09-11', '2022-01-16 14:06:11', '2022-01-16 14:06:11', NULL),
(308, 50, 39, '4015VVVAW', '2016-08-17', '2021-08-20', '2017-04-26', '2022-01-16 14:06:11', '2022-01-16 14:06:11', NULL),
(309, 71, 8, 'U742XPKTI2', '2016-01-21', '2017-08-08', '2020-01-22', '2022-01-16 14:06:11', '2022-01-16 14:06:11', NULL),
(310, 109, 4, 'NEFDY5I6UL', '2014-08-02', '2018-03-20', '2021-04-11', '2022-01-16 14:06:11', '2022-01-16 14:06:11', NULL),
(311, 125, 7, 'WCA8DTQ3P', '2016-10-08', '2020-09-04', '2018-03-07', '2022-01-16 14:06:11', '2022-01-16 14:06:11', NULL),
(312, 80, 7, 'CK5HW4', '2015-06-05', '2016-02-07', '2020-03-15', '2022-01-16 14:06:11', '2022-01-16 14:06:11', NULL),
(313, 95, 7, 'WG82O3', '2016-01-22', '2018-06-01', '2016-11-21', '2022-01-16 14:06:11', '2022-01-16 14:06:11', NULL),
(314, 129, 11, '1W9SZGJ', '2012-06-13', '2017-11-18', '2020-03-14', '2022-01-16 14:06:11', '2022-01-16 14:06:11', NULL),
(315, 148, 10, '127EFZ', '2016-03-12', '2016-03-29', '2018-02-08', '2022-01-16 14:06:11', '2022-01-16 14:06:11', NULL),
(316, 142, 4, '0H4O9V4QE', '2014-03-19', '2019-04-10', '2015-01-22', '2022-01-16 14:06:11', '2022-01-16 14:06:11', NULL),
(317, 122, 22, '2A90IWYG', '2017-05-11', '2019-08-04', '2020-11-29', '2022-01-16 14:06:11', '2022-01-16 14:06:11', NULL),
(318, 27, 30, '00NPJKY', '2014-02-08', '2019-05-23', '2022-01-11', '2022-01-16 14:06:11', '2022-01-16 14:06:11', NULL),
(319, 13, 30, '0CMYC01N', '2013-02-13', '2018-08-27', '2018-10-11', '2022-01-16 14:06:11', '2022-01-16 14:06:11', NULL),
(320, 75, 10, 'LBU17HZF8T', '2016-06-17', '2017-07-26', '2019-04-18', '2022-01-16 14:06:11', '2022-01-16 14:06:11', NULL),
(321, 100, 50, '64E6B6CD2', '2014-11-11', '2017-08-22', '2021-04-02', '2022-01-16 14:06:11', '2022-01-16 14:06:11', NULL),
(322, 36, 40, 'ILEB2GVNC', '2014-09-13', '2016-01-29', '2021-09-09', '2022-01-16 14:06:11', '2022-01-16 14:06:11', NULL),
(323, 109, 29, '6WBNPPH7', '2012-05-17', '2013-06-06', '2018-12-01', '2022-01-16 14:06:11', '2022-01-16 14:06:11', NULL),
(324, 89, 29, '343V03', '2012-03-14', '2012-05-10', '2013-05-08', '2022-01-16 14:06:11', '2022-01-16 14:06:11', NULL),
(325, 106, 34, '9IMREK0M', '2017-04-02', '2017-07-28', '2018-01-31', '2022-01-16 14:06:11', '2022-01-16 14:06:11', NULL),
(326, 73, 4, 'I64SJ11HZF', '2016-05-18', '2017-03-09', '2021-07-28', '2022-01-16 14:06:11', '2022-01-16 14:06:11', NULL),
(327, 143, 50, '6G0RVF', '2014-10-13', '2018-08-01', '2014-11-03', '2022-01-16 14:06:11', '2022-01-16 14:06:11', NULL),
(328, 86, 36, 'YZFMWBXZ', '2013-03-21', '2017-11-21', '2020-09-24', '2022-01-16 14:06:11', '2022-01-16 14:06:11', NULL),
(329, 107, 3, 'I7TJMH820', '2013-10-27', '2014-03-24', '2017-02-05', '2022-01-16 14:06:11', '2022-01-16 14:06:11', NULL),
(330, 130, 23, '7L328Q4', '2016-07-21', '2018-08-18', '2018-08-05', '2022-01-16 14:06:11', '2022-01-16 14:06:11', NULL),
(331, 123, 22, 'NU3S3WFIG', '2015-06-18', '2018-02-25', '2017-07-15', '2022-01-16 14:06:11', '2022-01-16 14:06:11', NULL),
(332, 121, 7, 'CFSOON0', '2017-10-23', '2021-02-15', '2018-01-01', '2022-01-16 14:06:11', '2022-01-16 14:06:11', NULL),
(333, 96, 47, '6382I7LZ', '2016-08-25', '2017-06-11', '2020-01-02', '2022-01-16 14:06:11', '2022-01-16 14:06:11', NULL),
(334, 127, 51, 'OO10JYY1I', '2013-04-02', '2017-01-13', '2013-07-14', '2022-01-16 14:06:11', '2022-01-16 14:06:11', NULL),
(335, 121, 31, 'HJML4WUHJ', '2013-02-27', '2013-04-30', '2014-09-30', '2022-01-16 14:06:11', '2022-01-16 14:06:11', NULL),
(336, 71, 35, '05NQ86BR', '2013-08-21', '2019-08-29', '2015-03-03', '2022-01-16 14:06:11', '2022-01-16 14:06:11', NULL),
(337, 135, 43, '2L6R19UW', '2016-09-15', '2019-08-12', '2017-06-17', '2022-01-16 14:06:11', '2022-01-16 14:06:11', NULL),
(338, 142, 38, 'VRTIQXR', '2015-09-08', '2020-05-04', '2015-12-10', '2022-01-16 14:06:11', '2022-01-16 14:06:11', NULL),
(339, 65, 31, 'CPV9IVHJ', '2015-06-12', '2018-03-06', '2017-12-18', '2022-01-16 14:06:11', '2022-01-16 14:06:11', NULL),
(340, 101, 39, '9CRZ75N4', '2012-07-05', '2021-12-16', '2013-08-23', '2022-01-16 14:06:11', '2022-01-16 14:06:11', NULL),
(341, 126, 35, 'J0W62FL', '2013-03-14', '2015-07-06', '2017-09-16', '2022-01-16 14:06:11', '2022-01-16 14:06:11', NULL),
(342, 28, 50, '09S97V', '2013-05-20', '2021-12-29', '2015-12-16', '2022-01-16 14:06:11', '2022-01-16 14:06:11', NULL),
(343, 1, 38, '7D4IUJIS', '2013-11-16', '2016-09-07', '2019-06-16', '2022-01-16 14:06:11', '2022-01-16 14:06:11', NULL),
(344, 49, 36, 'DJVP2V26W', '2014-12-02', '2020-06-22', '2021-01-15', '2022-01-16 14:06:11', '2022-01-16 14:06:11', NULL),
(345, 15, 20, '1FLTXB7NU', '2012-05-07', '2021-11-16', '2017-11-01', '2022-01-16 14:06:11', '2022-01-16 14:06:11', NULL),
(346, 95, 33, 'MCAROI2', '2015-12-31', '2017-03-02', '2017-10-25', '2022-01-16 14:06:11', '2022-01-16 14:06:11', NULL),
(347, 104, 13, '75AI5Z37', '2013-02-06', '2021-08-22', '2016-11-24', '2022-01-16 14:06:11', '2022-01-16 14:06:11', NULL),
(348, 131, 34, 'VQ3GNW', '2014-05-29', '2014-11-28', '2015-07-17', '2022-01-16 14:06:11', '2022-01-16 14:06:11', NULL),
(349, 112, 26, 'IAUPNFZ', '2014-03-19', '2014-12-08', '2021-03-06', '2022-01-16 14:06:11', '2022-01-16 14:06:11', NULL),
(350, 146, 8, '27C37ON', '2017-07-05', '2020-08-14', '2017-09-13', '2022-01-16 14:06:11', '2022-01-16 14:06:11', NULL),
(351, 69, 52, 'BUVEYSFP', '2014-10-01', '2019-11-09', '2019-05-30', '2022-01-16 14:06:11', '2022-01-16 14:06:11', NULL),
(352, 85, 9, 'BBZG238', '2015-02-24', '2020-06-13', '2016-08-10', '2022-01-16 14:06:11', '2022-01-16 14:06:11', NULL),
(353, 1, 49, 'RP61P2P50V', '2017-09-09', '2018-11-03', '2019-02-23', '2022-01-16 14:06:11', '2022-01-16 14:06:11', NULL),
(354, 133, 17, 'JYOWJUDY', '2015-07-16', '2016-08-10', '2015-09-20', '2022-01-16 14:06:11', '2022-01-16 14:06:11', NULL),
(355, 93, 44, 'F50BGYU', '2012-05-20', '2019-02-26', '2019-04-22', '2022-01-16 14:06:11', '2022-01-16 14:06:11', NULL),
(356, 28, 20, 'YYDRGL7MVE', '2012-04-17', '2021-12-27', '2020-10-27', '2022-01-16 14:06:11', '2022-01-16 14:06:11', NULL),
(357, 137, 15, '9XE6WK', '2012-10-25', '2018-09-29', '2016-10-06', '2022-01-16 14:06:11', '2022-01-16 14:06:11', NULL),
(358, 36, 23, 'XNZBRGHP7', '2014-09-30', '2021-12-25', '2017-09-06', '2022-01-16 14:06:11', '2022-01-16 14:06:11', NULL),
(359, 97, 49, 'C7CX7CI', '2014-03-13', '2017-03-07', '2017-03-27', '2022-01-16 14:06:11', '2022-01-16 14:06:11', NULL),
(360, 99, 47, '5B0CXHAEN', '2012-07-09', '2021-09-02', '2018-06-15', '2022-01-16 14:06:11', '2022-01-16 14:06:11', NULL),
(361, 146, 26, '2L0XQ7G0', '2016-12-01', '2017-02-09', '2017-03-06', '2022-01-16 14:06:11', '2022-01-16 14:06:11', NULL),
(362, 48, 22, '6PRPPJ6E', '2012-12-12', '2020-01-28', '2014-03-26', '2022-01-16 14:06:11', '2022-01-16 14:06:11', NULL),
(363, 10, 6, 'S5VTARM', '2014-05-04', '2021-08-13', '2018-09-30', '2022-01-16 14:06:11', '2022-01-16 14:06:11', NULL),
(364, 108, 14, '3QZKDZQNL', '2017-04-12', '2019-01-23', '2021-05-05', '2022-01-16 14:06:11', '2022-01-16 14:06:11', NULL),
(365, 55, 25, 'G2TYKQ2MC', '2012-07-31', '2019-06-15', '2016-07-02', '2022-01-16 14:06:11', '2022-01-16 14:06:11', NULL),
(366, 35, 30, '2V1SYVD17', '2014-10-06', '2016-02-19', '2021-04-05', '2022-01-16 14:06:11', '2022-01-16 14:06:11', NULL),
(367, 38, 7, 'GK6FD9ATZ', '2016-04-07', '2022-01-01', '2018-12-09', '2022-01-16 14:06:11', '2022-01-16 14:06:11', NULL),
(368, 67, 34, 'TEYFUGXV', '2015-02-28', '2018-06-08', '2019-02-08', '2022-01-16 14:06:11', '2022-01-16 14:06:11', NULL),
(369, 129, 43, '5GDLHH2VM', '2017-03-19', '2018-05-13', '2019-12-29', '2022-01-16 14:06:11', '2022-01-16 14:06:11', NULL),
(370, 137, 18, '189VN4ZQQ', '2012-12-15', '2021-04-27', '2017-11-24', '2022-01-16 14:06:11', '2022-01-16 14:06:11', NULL),
(371, 92, 29, 'R3F04Y9PB', '2017-12-28', '2018-11-23', '2021-09-22', '2022-01-16 14:06:11', '2022-01-16 14:06:11', NULL),
(372, 147, 50, 'ZMSNPFU', '2012-10-07', '2021-09-29', '2016-09-05', '2022-01-16 14:06:11', '2022-01-16 14:06:11', NULL),
(373, 72, 31, 'A2WEZGN', '2015-07-05', '2017-02-21', '2019-05-22', '2022-01-16 14:06:11', '2022-01-16 14:06:11', NULL),
(374, 110, 17, '7260O8W', '2015-12-08', '2020-10-30', '2021-05-18', '2022-01-16 14:06:11', '2022-01-16 14:06:11', NULL),
(375, 29, 46, 'EVJ0DKC', '2017-10-10', '2019-12-06', '2020-10-14', '2022-01-16 14:06:11', '2022-01-16 14:06:11', NULL),
(376, 35, 28, 'ONTRZ8', '2013-08-16', '2017-11-27', '2016-01-19', '2022-01-16 14:06:11', '2022-01-16 14:06:11', NULL),
(377, 146, 9, 'IMWFRS7SG', '2015-05-08', '2019-09-22', '2021-02-05', '2022-01-16 14:06:11', '2022-01-16 14:06:11', NULL),
(378, 74, 31, 'YA6R08', '2012-04-28', '2013-11-01', '2020-09-22', '2022-01-16 14:06:11', '2022-01-16 14:06:11', NULL),
(379, 41, 38, '839QPSSAYO', '2014-05-29', '2018-10-07', '2019-12-06', '2022-01-16 14:06:11', '2022-01-16 14:06:11', NULL),
(380, 41, 16, 'U8TJATSXDI', '2016-07-26', '2019-06-02', '2019-09-06', '2022-01-16 14:06:11', '2022-01-16 14:06:11', NULL),
(381, 137, 9, 'GUMLS6', '2013-10-25', '2015-03-23', '2014-04-13', '2022-01-16 14:06:11', '2022-01-16 14:06:11', NULL),
(382, 59, 21, 'KEYP0RIJX', '2016-12-12', '2017-04-11', '2017-04-17', '2022-01-16 14:06:11', '2022-01-16 14:06:11', NULL),
(383, 22, 41, 'G8L6HTIT', '2014-12-21', '2018-11-12', '2022-01-10', '2022-01-16 14:06:11', '2022-01-16 14:06:11', NULL),
(384, 62, 10, '9N1QT71V0', '2016-11-21', '2021-02-04', '2020-06-14', '2022-01-16 14:06:11', '2022-01-16 14:06:11', NULL),
(385, 26, 25, '9HXPMN5Q', '2012-12-12', '2019-04-11', '2017-12-11', '2022-01-16 14:06:11', '2022-01-16 14:06:11', NULL),
(386, 65, 5, 'VS1NWZ3SK', '2014-12-06', '2021-01-19', '2019-10-13', '2022-01-16 14:06:11', '2022-01-16 14:06:11', NULL),
(387, 40, 32, 'VDSUMXM96L', '2014-05-18', '2021-09-08', '2018-06-28', '2022-01-16 14:06:11', '2022-01-16 14:06:11', NULL),
(388, 45, 35, 'M8B43U22Y', '2016-08-09', '2020-02-07', '2022-01-11', '2022-01-16 14:06:11', '2022-01-16 14:06:11', NULL),
(389, 32, 39, '73XEFVZH', '2012-11-21', '2020-12-04', '2017-04-04', '2022-01-16 14:06:11', '2022-01-16 14:06:11', NULL),
(390, 145, 32, 'F3K7CKY1', '2016-03-12', '2017-10-17', '2021-09-16', '2022-01-16 14:06:11', '2022-01-16 14:06:11', NULL),
(391, 73, 36, 'ABVL9070R', '2013-09-23', '2015-11-13', '2021-03-10', '2022-01-16 14:06:11', '2022-01-16 14:06:11', NULL),
(392, 135, 1, 'V80GDJX97', '2017-05-25', '2020-02-14', '2019-04-25', '2022-01-16 14:06:11', '2022-01-16 14:06:11', NULL),
(393, 83, 29, 'OFRX5K', '2015-12-10', '2020-05-29', '2018-11-30', '2022-01-16 14:06:11', '2022-01-16 14:06:11', NULL),
(394, 7, 28, 'Q77WXU71C2', '2017-06-15', '2021-09-22', '2017-10-24', '2022-01-16 14:06:11', '2022-01-16 14:06:11', NULL),
(395, 133, 24, 'FS2T3CQB2F', '2015-11-19', '2017-06-14', '2021-05-07', '2022-01-16 14:06:11', '2022-01-16 14:06:11', NULL),
(396, 126, 24, 'ZQAMIV', '2012-05-21', '2013-11-05', '2021-08-17', '2022-01-16 14:06:11', '2022-01-16 14:06:11', NULL),
(397, 36, 2, 'NVLSDB9KH', '2012-09-19', '2018-08-07', '2015-08-21', '2022-01-16 14:06:11', '2022-01-16 14:06:11', NULL),
(398, 128, 44, 'SUI6W7HOKA', '2012-03-24', '2017-11-16', '2012-03-27', '2022-01-16 14:06:11', '2022-01-16 14:06:11', NULL),
(399, 24, 26, 'FM53Z3W1HH', '2016-06-26', '2020-01-07', '2020-08-27', '2022-01-16 14:06:11', '2022-01-16 14:06:11', NULL),
(400, 87, 41, 'C508LR', '2016-05-18', '2017-04-08', '2018-03-29', '2022-01-16 14:06:11', '2022-01-16 14:06:11', NULL),
(401, 16, 49, '9QQVUNXW', '2016-11-28', '2020-08-14', '2021-07-19', '2022-01-16 14:06:11', '2022-01-16 14:06:11', NULL),
(402, 29, 29, 'AZLZ6LEV', '2016-01-29', '2020-12-16', '2020-05-22', '2022-01-16 14:06:11', '2022-01-16 14:06:11', NULL),
(403, 84, 48, 'ZQQZX7', '2017-07-02', '2020-11-08', '2018-04-25', '2022-01-16 14:06:11', '2022-01-16 14:06:11', NULL),
(404, 39, 48, '4KV75IQW', '2016-11-27', '2017-07-22', '2020-02-23', '2022-01-16 14:06:11', '2022-01-16 14:06:11', NULL),
(405, 32, 21, 'KSDZ2I', '2014-11-21', '2015-04-04', '2016-06-26', '2022-01-16 14:06:11', '2022-01-16 14:06:11', NULL),
(406, 103, 37, 'NJTG37', '2015-08-05', '2016-04-05', '2021-01-14', '2022-01-16 14:06:11', '2022-01-16 14:06:11', NULL),
(407, 108, 8, 'MIJVB5EXCB', '2015-05-15', '2020-03-11', '2018-06-10', '2022-01-16 14:06:11', '2022-01-16 14:06:11', NULL),
(408, 12, 44, '2MHEF5JGC', '2015-03-24', '2017-06-08', '2015-05-15', '2022-01-16 14:06:11', '2022-01-16 14:06:11', NULL),
(409, 56, 8, 'A4K560', '2017-03-30', '2018-05-23', '2019-09-11', '2022-01-16 14:06:11', '2022-01-16 14:06:11', NULL),
(410, 39, 31, 'UKVH0GR', '2012-02-14', '2018-08-17', '2020-03-23', '2022-01-16 14:06:11', '2022-01-16 14:06:11', NULL),
(411, 36, 17, '8RCLTAT', '2017-01-17', '2017-05-03', '2017-02-10', '2022-01-16 14:06:11', '2022-01-16 14:06:11', NULL),
(412, 116, 43, '31CVVA6LB', '2015-11-05', '2018-07-25', '2017-09-21', '2022-01-16 14:06:11', '2022-01-16 14:06:11', NULL),
(413, 108, 32, '3XE547', '2013-02-15', '2020-09-21', '2016-06-10', '2022-01-16 14:06:11', '2022-01-16 14:06:11', NULL),
(414, 15, 3, 'QI71BXH', '2013-07-23', '2016-10-16', '2017-03-19', '2022-01-16 14:06:11', '2022-01-16 14:06:11', NULL),
(415, 71, 28, 'J8QGXZY0G', '2015-10-18', '2021-09-20', '2019-02-12', '2022-01-16 14:06:11', '2022-01-16 14:06:11', NULL),
(416, 136, 50, 'WFMYZH59', '2013-10-24', '2018-05-09', '2016-04-04', '2022-01-16 14:06:11', '2022-01-16 14:06:11', NULL),
(417, 47, 45, 'JZM67CC', '2013-01-02', '2018-12-17', '2013-11-13', '2022-01-16 14:06:11', '2022-01-16 14:06:11', NULL),
(418, 22, 27, 'T12PLS', '2014-08-20', '2021-08-22', '2016-04-23', '2022-01-16 14:06:11', '2022-01-16 14:06:11', NULL),
(419, 26, 44, 'EYR68TXB1M', '2013-03-25', '2013-06-04', '2018-10-28', '2022-01-16 14:06:11', '2022-01-16 14:06:11', NULL),
(420, 25, 5, 'MHXC7FL4IV', '2013-12-29', '2016-06-09', '2014-12-06', '2022-01-16 14:06:11', '2022-01-16 14:06:11', NULL);
INSERT INTO `item_user` (`id`, `item_id`, `user_id`, `serial_number`, `purcharse_date`, `warranty_end`, `assignment_date`, `created_at`, `updated_at`, `deleted_at`) VALUES
(421, 79, 22, 'R0GPEO0U', '2013-12-14', '2014-04-23', '2019-06-17', '2022-01-16 14:06:11', '2022-01-16 14:06:11', NULL),
(422, 118, 38, 'MVR08Y1NBG', '2017-10-27', '2018-03-27', '2021-06-12', '2022-01-16 14:06:11', '2022-01-16 14:06:11', NULL),
(423, 79, 22, 'E0CLYE26', '2016-03-05', '2019-04-24', '2020-05-31', '2022-01-16 14:06:11', '2022-01-16 14:06:11', NULL),
(424, 72, 42, 'JTU11E7XW', '2014-12-27', '2016-12-10', '2019-06-22', '2022-01-16 14:06:11', '2022-01-16 14:06:11', NULL),
(425, 115, 30, '1YE6FLEWDM', '2016-03-16', '2019-01-09', '2017-07-11', '2022-01-16 14:06:11', '2022-01-16 14:06:11', NULL),
(426, 84, 19, 'HUGY0US', '2014-04-04', '2016-03-09', '2016-10-30', '2022-01-16 14:06:11', '2022-01-16 14:06:11', NULL),
(427, 106, 17, 'EWU6Y4U', '2015-03-27', '2015-07-26', '2017-06-26', '2022-01-16 14:06:11', '2022-01-16 14:06:11', NULL),
(428, 15, 23, 'NXK1X13OH', '2015-10-15', '2021-10-23', '2019-07-15', '2022-01-16 14:06:11', '2022-01-16 14:06:11', NULL),
(429, 135, 51, 'LXBFLR6', '2012-07-07', '2021-09-20', '2016-08-04', '2022-01-16 14:06:11', '2022-01-16 14:06:11', NULL),
(430, 59, 30, '7JXRQMDNWR', '2015-05-21', '2015-07-30', '2015-06-16', '2022-01-16 14:06:11', '2022-01-16 14:06:11', NULL),
(431, 134, 30, 'HOWWKK', '2012-05-30', '2014-05-29', '2014-09-11', '2022-01-16 14:06:11', '2022-01-16 14:06:11', NULL),
(432, 86, 16, '6GTPY2', '2014-12-07', '2016-04-28', '2021-09-09', '2022-01-16 14:06:11', '2022-01-16 14:06:11', NULL),
(433, 106, 13, 'IVQEC7OY', '2012-09-17', '2012-10-05', '2014-01-04', '2022-01-16 14:06:11', '2022-01-16 14:06:11', NULL),
(434, 117, 45, '2P7G3U', '2015-09-10', '2017-12-19', '2020-12-07', '2022-01-16 14:06:11', '2022-01-16 14:06:11', NULL),
(435, 35, 31, '5G8Z8Z', '2013-08-16', '2018-06-06', '2015-03-11', '2022-01-16 14:06:11', '2022-01-16 14:06:11', NULL),
(436, 16, 22, 'Q2LIECVTON', '2015-07-14', '2015-11-02', '2016-05-04', '2022-01-16 14:06:11', '2022-01-16 14:06:11', NULL),
(437, 41, 48, 'PBZEUNR', '2017-01-03', '2018-10-17', '2021-02-04', '2022-01-16 14:06:11', '2022-01-16 14:06:11', NULL),
(438, 50, 27, 'DCWJZYEV6P', '2017-03-20', '2019-02-18', '2021-04-06', '2022-01-16 14:06:11', '2022-01-16 14:06:11', NULL),
(439, 125, 24, '0BUZLA94Q', '2012-12-01', '2016-07-16', '2017-06-03', '2022-01-16 14:06:11', '2022-01-16 14:06:11', NULL),
(440, 132, 16, 'L305KGNZ', '2012-04-23', '2018-09-04', '2014-12-29', '2022-01-16 14:06:11', '2022-01-16 14:06:11', NULL),
(441, 62, 11, 'CCA2HC5EY6', '2017-02-05', '2020-08-21', '2018-01-08', '2022-01-16 14:06:11', '2022-01-16 14:06:11', NULL),
(442, 113, 6, 'WWZG957W', '2016-06-07', '2016-10-26', '2019-11-05', '2022-01-16 14:06:11', '2022-01-16 14:06:11', NULL),
(443, 19, 8, '1CIO2NA', '2017-03-27', '2019-01-27', '2019-02-26', '2022-01-16 14:06:11', '2022-01-16 14:06:11', NULL),
(444, 96, 23, 'BCW8QGCL2F', '2014-06-07', '2019-01-23', '2016-05-22', '2022-01-16 14:06:11', '2022-01-16 14:06:11', NULL),
(445, 8, 2, 'M8RV7R6Q', '2017-06-19', '2019-05-30', '2020-09-27', '2022-01-16 14:06:11', '2022-01-16 14:06:11', NULL),
(446, 34, 24, '30TKZNLB6P', '2014-02-16', '2014-03-11', '2015-05-23', '2022-01-16 14:06:11', '2022-01-16 14:06:11', NULL),
(447, 87, 51, '81ZUZZ0', '2016-07-31', '2022-01-05', '2021-08-12', '2022-01-16 14:06:11', '2022-01-16 14:06:11', NULL),
(448, 89, 29, 'K3HQKUSWU7', '2014-03-12', '2016-10-03', '2015-09-27', '2022-01-16 14:06:11', '2022-01-16 14:06:11', NULL),
(449, 61, 16, 'RBWIF2LVFZ', '2012-01-30', '2021-03-05', '2016-10-19', '2022-01-16 14:06:11', '2022-01-16 14:06:11', NULL),
(450, 87, 36, '4509COU', '2017-10-30', '2019-04-07', '2019-01-07', '2022-01-16 14:06:11', '2022-01-16 14:06:11', NULL),
(451, 104, 1, 'VXLFYPJNW', '2016-04-23', '2016-10-13', '2020-12-12', '2022-01-16 14:06:11', '2022-01-16 14:06:11', NULL),
(452, 114, 6, '4AGNGHXX8', '2017-04-21', '2019-04-11', '2020-09-20', '2022-01-16 14:06:11', '2022-01-16 14:06:11', NULL),
(453, 73, 45, 'A08VCBN9', '2017-12-29', '2020-11-27', '2020-02-07', '2022-01-16 14:06:11', '2022-01-16 14:06:11', NULL),
(454, 74, 29, 'ZCBOJ72C3', '2012-12-23', '2020-11-12', '2017-07-25', '2022-01-16 14:06:11', '2022-01-16 14:06:11', NULL),
(455, 78, 5, 'I3JXAQEVXD', '2017-08-11', '2018-05-28', '2019-09-26', '2022-01-16 14:06:11', '2022-01-16 14:06:11', NULL),
(456, 57, 34, 'TRF846RFKX', '2015-02-16', '2019-05-13', '2015-06-29', '2022-01-16 14:06:11', '2022-01-16 14:06:11', NULL),
(457, 126, 47, 'TR0B4OE3', '2017-09-30', '2018-05-06', '2021-12-07', '2022-01-16 14:06:11', '2022-01-16 14:06:11', NULL),
(458, 58, 45, 'WR93MBI', '2014-06-22', '2021-12-14', '2018-07-17', '2022-01-16 14:06:11', '2022-01-16 14:06:11', NULL),
(459, 84, 14, 'CBV27CU4RD', '2012-12-31', '2020-01-04', '2021-07-22', '2022-01-16 14:06:11', '2022-01-16 14:06:11', NULL),
(460, 92, 11, 'Z2E9YN', '2017-10-01', '2021-07-16', '2020-05-30', '2022-01-16 14:06:11', '2022-01-16 14:06:11', NULL),
(461, 81, 8, 'D7FPW1OT', '2016-04-28', '2020-03-26', '2019-11-30', '2022-01-16 14:06:11', '2022-01-16 14:06:11', NULL),
(462, 147, 2, 'DKZ1ROR0', '2012-10-17', '2018-07-04', '2013-02-08', '2022-01-16 14:06:11', '2022-01-16 14:06:11', NULL),
(463, 87, 15, 'PPFJMUWOLQ', '2015-12-12', '2020-02-29', '2020-01-06', '2022-01-16 14:06:11', '2022-01-16 14:06:11', NULL),
(464, 2, 51, 'NZ5MXSQB07', '2013-04-17', '2021-09-17', '2018-07-12', '2022-01-16 14:06:11', '2022-01-16 14:06:11', NULL),
(465, 126, 35, 'BN4D2541X', '2014-01-14', '2020-06-05', '2018-02-20', '2022-01-16 14:06:11', '2022-01-16 14:06:11', NULL),
(466, 96, 42, 'C45Y8JX4', '2015-09-09', '2019-08-29', '2019-03-13', '2022-01-16 14:06:11', '2022-01-16 14:06:11', NULL),
(467, 29, 27, '1CJJARNSPZ', '2012-07-14', '2018-05-13', '2021-02-17', '2022-01-16 14:06:11', '2022-01-16 14:06:11', NULL),
(468, 46, 43, 'DLLCRU', '2012-07-09', '2015-10-25', '2014-06-24', '2022-01-16 14:06:11', '2022-01-16 14:06:11', NULL),
(469, 42, 18, 'X15Z1I52SF', '2013-10-25', '2015-02-03', '2015-09-21', '2022-01-16 14:06:11', '2022-01-16 14:06:11', NULL),
(470, 68, 41, 'UKF15WV', '2012-06-10', '2016-11-08', '2018-11-03', '2022-01-16 14:06:11', '2022-01-16 14:06:11', NULL),
(471, 136, 12, 'EV1QMU24', '2014-09-03', '2014-09-14', '2021-10-12', '2022-01-16 14:06:11', '2022-01-16 14:06:11', NULL),
(472, 67, 44, '8LLFQTT', '2017-12-24', '2018-10-21', '2020-09-19', '2022-01-16 14:06:11', '2022-01-16 14:06:11', NULL),
(473, 26, 22, 'FBZ00K1M4X', '2016-06-16', '2017-04-20', '2020-10-19', '2022-01-16 14:06:11', '2022-01-16 14:06:11', NULL),
(474, 141, 17, 'RUGI0B', '2017-02-13', '2019-12-11', '2018-03-19', '2022-01-16 14:06:11', '2022-01-16 14:06:11', NULL),
(475, 144, 36, 'MK5MN54LKK', '2013-09-19', '2019-05-30', '2014-10-05', '2022-01-16 14:06:11', '2022-01-16 14:06:11', NULL),
(476, 51, 39, 'H5CM00', '2014-07-01', '2019-03-04', '2017-09-30', '2022-01-16 14:06:11', '2022-01-16 14:06:11', NULL),
(477, 9, 41, 'FYJT41', '2016-10-01', '2020-09-01', '2016-11-15', '2022-01-16 14:06:11', '2022-01-16 14:06:11', NULL),
(478, 112, 3, 'R2XZIHX8T4', '2014-04-14', '2021-07-15', '2015-09-12', '2022-01-16 14:06:11', '2022-01-16 14:06:11', NULL),
(479, 95, 50, '0EFW1D', '2017-01-25', '2017-05-18', '2018-12-09', '2022-01-16 14:06:11', '2022-01-16 14:06:11', NULL),
(480, 31, 35, 'WB36XUIHX', '2014-10-26', '2021-07-27', '2016-08-24', '2022-01-16 14:06:11', '2022-01-16 14:06:11', NULL),
(481, 27, 49, '6UKE60M', '2012-10-08', '2013-05-18', '2014-02-06', '2022-01-16 14:06:11', '2022-01-16 14:06:11', NULL),
(482, 130, 27, 'B323QNQ1', '2012-07-30', '2015-07-13', '2013-11-17', '2022-01-16 14:06:11', '2022-01-16 14:06:11', NULL),
(483, 96, 22, 'GT11RGQ', '2015-04-14', '2017-11-01', '2021-12-15', '2022-01-16 14:06:11', '2022-01-16 14:06:11', NULL),
(484, 46, 51, '7L5U9BYP', '2016-05-21', '2020-04-03', '2021-11-18', '2022-01-16 14:06:11', '2022-01-16 14:06:11', NULL),
(485, 126, 12, 'O1VP7K9D', '2013-12-27', '2017-11-18', '2018-08-17', '2022-01-16 14:06:11', '2022-01-16 14:06:11', NULL),
(486, 38, 51, '8CX4S8U', '2012-03-25', '2014-05-04', '2013-04-06', '2022-01-16 14:06:11', '2022-01-16 14:06:11', NULL),
(487, 74, 37, 'G2PP5W', '2016-12-17', '2017-02-07', '2017-10-12', '2022-01-16 14:06:11', '2022-01-16 14:06:11', NULL),
(488, 147, 13, 'OILRT3PW7', '2014-11-01', '2017-10-29', '2016-09-12', '2022-01-16 14:06:11', '2022-01-16 14:06:11', NULL),
(489, 66, 37, 'NRW1PGAL8', '2015-08-11', '2016-02-11', '2018-06-21', '2022-01-16 14:06:11', '2022-01-16 14:06:11', NULL),
(490, 85, 17, 'GO76P4Z', '2014-10-23', '2018-08-28', '2019-07-26', '2022-01-16 14:06:11', '2022-01-16 14:06:11', NULL),
(491, 42, 27, 'J5Z63DKVN', '2012-10-04', '2019-06-19', '2014-02-13', '2022-01-16 14:06:11', '2022-01-16 14:06:11', NULL),
(492, 148, 36, 'MS0QCOVQ1', '2017-11-04', '2020-01-14', '2021-07-05', '2022-01-16 14:06:11', '2022-01-16 14:06:11', NULL),
(493, 55, 32, 'MQU9XB25C', '2017-11-19', '2017-12-29', '2017-11-30', '2022-01-16 14:06:11', '2022-01-16 14:06:11', NULL),
(494, 148, 26, '1TMUTFV', '2012-12-12', '2019-06-16', '2016-12-28', '2022-01-16 14:06:11', '2022-01-16 14:06:11', NULL),
(495, 52, 24, 'LTA41O9', '2016-06-08', '2017-07-30', '2020-05-01', '2022-01-16 14:06:11', '2022-01-16 14:06:11', NULL),
(496, 120, 33, 'KRYZARK4', '2012-08-02', '2015-06-10', '2020-04-21', '2022-01-16 14:06:11', '2022-01-16 14:06:11', NULL),
(497, 58, 1, '5MS5L0CT', '2016-10-04', '2020-01-03', '2021-08-19', '2022-01-16 14:06:11', '2022-01-16 14:06:11', NULL),
(498, 47, 29, 'BXOTOHV1M', '2013-09-13', '2016-04-18', '2015-09-10', '2022-01-16 14:06:11', '2022-01-16 14:06:11', NULL),
(499, 119, 4, '8GO1C6WYX', '2014-06-01', '2019-12-18', '2019-03-09', '2022-01-16 14:06:11', '2022-01-16 14:06:11', NULL),
(500, 12, 13, 'QTSSAWJ', '2013-06-11', '2019-03-27', '2019-08-28', '2022-01-16 14:06:11', '2022-01-16 14:06:11', NULL),
(501, 1, 50, '7AF60ZQB5', '2013-12-23', '2015-11-28', '2014-05-22', '2022-01-16 14:06:11', '2022-01-16 14:06:11', NULL),
(502, 65, 4, 'A37W2G', '2015-10-13', '2019-10-06', '2019-05-07', '2022-01-16 14:06:11', '2022-01-16 14:06:11', NULL),
(503, 96, 32, 'C2Y27UW', '2016-12-22', '2019-02-01', '2017-07-08', '2022-01-16 14:06:11', '2022-01-16 14:06:11', NULL),
(504, 10, 28, 'GSB1ZVP9', '2016-09-28', '2018-03-09', '2019-09-19', '2022-01-16 14:06:11', '2022-01-16 14:06:11', NULL),
(505, 118, 36, 'E73PX7U', '2015-06-30', '2019-08-12', '2015-06-30', '2022-01-16 14:06:11', '2022-01-16 14:06:11', NULL),
(506, 143, 17, '0NX8KH', '2013-03-16', '2019-06-02', '2015-06-03', '2022-01-16 14:06:11', '2022-01-16 14:06:11', NULL),
(507, 141, 3, 'T7753J', '2015-06-16', '2015-09-15', '2020-09-23', '2022-01-16 14:06:11', '2022-01-16 14:06:11', NULL),
(508, 20, 5, '9M8CPM6H8T', '2014-10-29', '2017-07-23', '2018-10-08', '2022-01-16 14:06:11', '2022-01-16 14:06:11', NULL),
(509, 133, 44, 'JVFJK2HD', '2015-06-22', '2021-07-04', '2019-06-20', '2022-01-16 14:06:11', '2022-01-16 14:06:11', NULL),
(510, 72, 40, 'YZAGAJ', '2016-11-16', '2018-07-03', '2018-11-28', '2022-01-16 14:06:11', '2022-01-16 14:06:11', NULL),
(511, 129, 21, 'EQRMZLM', '2017-08-09', '2019-01-15', '2019-07-04', '2022-01-16 14:06:11', '2022-01-16 14:06:11', NULL),
(512, 95, 41, 'XHV65HX', '2012-05-25', '2019-06-01', '2020-11-23', '2022-01-16 14:06:11', '2022-01-16 14:06:11', NULL),
(513, 97, 22, 'KGYBY3E0', '2013-08-14', '2014-08-06', '2017-03-08', '2022-01-16 14:06:11', '2022-01-16 14:06:11', NULL),
(514, 97, 2, 'ZERGQ2', '2016-03-25', '2018-04-28', '2019-03-02', '2022-01-16 14:06:11', '2022-01-16 14:06:11', NULL),
(515, 77, 37, 'KX6J2N', '2013-06-16', '2021-06-04', '2020-11-05', '2022-01-16 14:06:11', '2022-01-16 14:06:11', NULL),
(516, 86, 13, '01N1H8', '2013-09-21', '2021-09-14', '2017-06-20', '2022-01-16 14:06:11', '2022-01-16 14:06:11', NULL),
(517, 142, 19, 'X8K6E9', '2012-06-19', '2012-12-12', '2021-09-26', '2022-01-16 14:06:11', '2022-01-16 14:06:11', NULL),
(518, 20, 28, 'G4RS3YSL', '2016-03-09', '2018-05-09', '2018-11-11', '2022-01-16 14:06:11', '2022-01-16 14:06:11', NULL),
(519, 124, 36, '4Y5B7BU7IC', '2013-06-01', '2022-01-13', '2013-06-26', '2022-01-16 14:06:11', '2022-01-16 14:06:11', NULL),
(520, 114, 19, 'Y4XBCB77CT', '2016-10-14', '2020-01-14', '2020-02-06', '2022-01-16 14:06:11', '2022-01-16 14:06:11', NULL),
(521, 83, 41, '41EH5D', '2016-01-05', '2016-12-10', '2022-01-15', '2022-01-16 14:06:11', '2022-01-16 14:06:11', NULL),
(522, 5, 33, '22AI4IKGUX', '2017-03-04', '2022-01-03', '2019-07-12', '2022-01-16 14:06:11', '2022-01-16 14:06:11', NULL),
(523, 131, 5, 'IC2EAR', '2015-10-04', '2021-02-27', '2021-09-27', '2022-01-16 14:06:11', '2022-01-16 14:06:11', NULL),
(524, 42, 39, 'DVFP92IQ', '2016-04-27', '2021-01-26', '2020-09-05', '2022-01-16 14:06:11', '2022-01-16 14:06:11', NULL),
(525, 105, 52, '204MEA24', '2013-01-11', '2015-08-02', '2016-11-29', '2022-01-16 14:06:11', '2022-01-16 14:06:11', NULL),
(526, 81, 52, '23RS4N', '2015-03-02', '2022-01-05', '2020-04-07', '2022-01-16 14:06:11', '2022-01-16 14:06:11', NULL),
(527, 136, 3, '3EZ1V8F', '2015-12-10', '2018-07-30', '2019-11-20', '2022-01-16 14:06:11', '2022-01-16 14:06:11', NULL),
(528, 50, 5, '70VOLBUT', '2016-02-10', '2019-08-08', '2018-02-08', '2022-01-16 14:06:11', '2022-01-16 14:06:11', NULL),
(529, 69, 26, 'S2JAVD4B', '2013-12-30', '2020-11-11', '2016-02-04', '2022-01-16 14:06:11', '2022-01-16 14:06:11', NULL),
(530, 110, 30, 'G6UJXEAPE', '2016-05-27', '2018-08-06', '2019-08-14', '2022-01-16 14:06:11', '2022-01-16 14:06:11', NULL),
(531, 117, 24, 'AW3Y35', '2017-01-29', '2017-09-30', '2020-11-22', '2022-01-16 14:06:11', '2022-01-16 14:06:11', NULL),
(532, 101, 18, '8E3TIF50', '2015-06-04', '2019-11-02', '2018-12-03', '2022-01-16 14:06:11', '2022-01-16 14:06:11', NULL),
(533, 81, 41, 'YMYJ1O', '2013-11-14', '2018-03-16', '2020-06-09', '2022-01-16 14:06:11', '2022-01-16 14:06:11', NULL),
(534, 89, 8, 'I56KHT', '2017-06-23', '2017-09-09', '2020-03-26', '2022-01-16 14:06:11', '2022-01-16 14:06:11', NULL),
(535, 56, 34, 'PM7K5OR', '2013-04-27', '2015-02-09', '2016-12-04', '2022-01-16 14:06:11', '2022-01-16 14:06:11', NULL),
(536, 93, 10, 'TOLJU7', '2012-07-22', '2020-07-03', '2021-03-17', '2022-01-16 14:06:11', '2022-01-16 14:06:11', NULL),
(537, 24, 35, '5FWCG1', '2015-11-10', '2020-11-20', '2020-06-08', '2022-01-16 14:06:11', '2022-01-16 14:06:11', NULL),
(538, 128, 42, 'CUOLXGI', '2017-11-17', '2020-04-08', '2019-09-01', '2022-01-16 14:06:11', '2022-01-16 14:06:11', NULL),
(539, 5, 39, '9P2P1EYA7', '2016-09-07', '2020-06-29', '2019-09-22', '2022-01-16 14:06:11', '2022-01-16 14:06:11', NULL),
(540, 72, 8, 'DMGU1Z', '2013-07-31', '2018-08-01', '2020-12-11', '2022-01-16 14:06:11', '2022-01-16 14:06:11', NULL),
(541, 60, 32, 'BUYMQB911I', '2013-02-05', '2013-02-22', '2019-05-29', '2022-01-16 14:06:11', '2022-01-16 14:06:11', NULL),
(542, 7, 15, 'I9MUFA', '2012-09-03', '2016-01-08', '2021-08-25', '2022-01-16 14:06:11', '2022-01-16 14:06:11', NULL),
(543, 76, 34, '9RGIS3BK', '2016-10-09', '2021-04-03', '2020-06-28', '2022-01-16 14:06:11', '2022-01-16 14:06:11', NULL),
(544, 117, 36, 'BFZTVBM8B', '2014-03-15', '2020-08-07', '2017-03-27', '2022-01-16 14:06:11', '2022-01-16 14:06:11', NULL),
(545, 24, 11, 'RZQKJLPT9', '2016-07-02', '2020-12-04', '2021-12-10', '2022-01-16 14:06:11', '2022-01-16 14:06:11', NULL),
(546, 134, 21, 'EP7EZ7', '2014-11-22', '2017-09-21', '2016-10-09', '2022-01-16 14:06:11', '2022-01-16 14:06:11', NULL),
(547, 7, 52, 'KS95NO3Q', '2013-02-14', '2018-12-11', '2016-07-26', '2022-01-16 14:06:11', '2022-01-16 14:06:11', NULL),
(548, 14, 46, 'QSAON7FX6', '2012-09-28', '2021-08-27', '2022-01-08', '2022-01-16 14:06:11', '2022-01-16 14:06:11', NULL),
(549, 53, 18, '07E0AY', '2015-12-12', '2017-09-19', '2016-09-30', '2022-01-16 14:06:11', '2022-01-16 14:06:11', NULL),
(550, 43, 23, 'VR8YC4QO', '2014-01-26', '2015-05-20', '2021-05-23', '2022-01-16 14:06:11', '2022-01-16 14:06:11', NULL),
(551, 112, 30, 'KH3F0D7ZH', '2016-06-26', '2019-09-09', '2016-09-14', '2022-01-16 14:06:11', '2022-01-16 14:06:11', NULL),
(552, 101, 22, 'TA6N1045', '2012-12-04', '2015-12-02', '2016-12-07', '2022-01-16 14:06:11', '2022-01-16 14:06:11', NULL),
(553, 42, 17, 'PDQZ1MZV5', '2016-03-30', '2016-10-27', '2016-10-31', '2022-01-16 14:06:11', '2022-01-16 14:06:11', NULL),
(554, 82, 17, 'NNP5FZAPH', '2016-05-04', '2019-01-27', '2017-02-15', '2022-01-16 14:06:11', '2022-01-16 14:06:11', NULL),
(555, 138, 49, 'GSFEEDM', '2017-04-10', '2019-05-26', '2022-01-15', '2022-01-16 14:06:11', '2022-01-16 14:06:11', NULL),
(556, 44, 26, 'CJTVIRQRRN', '2015-03-24', '2015-05-03', '2019-08-19', '2022-01-16 14:06:11', '2022-01-16 14:06:11', NULL),
(557, 31, 2, 'OATCA4HSJ', '2015-08-13', '2018-01-03', '2021-05-19', '2022-01-16 14:06:11', '2022-01-16 14:06:11', NULL),
(558, 7, 9, 'V5LH2ZK', '2014-02-15', '2020-11-06', '2016-08-14', '2022-01-16 14:06:11', '2022-01-16 14:06:11', NULL),
(559, 35, 11, 'A2TQJCT36', '2014-04-05', '2015-01-14', '2019-11-19', '2022-01-16 14:06:11', '2022-01-16 14:06:11', NULL),
(560, 7, 44, 'KLGY9TNPIJ', '2016-02-20', '2017-06-05', '2018-11-10', '2022-01-16 14:06:11', '2022-01-16 14:06:11', NULL),
(561, 2, 40, 'LSQ457F5J', '2013-10-06', '2018-10-29', '2021-04-30', '2022-01-16 14:06:11', '2022-01-16 14:06:11', NULL),
(562, 28, 16, '5NS933J', '2017-06-29', '2018-12-24', '2019-12-26', '2022-01-16 14:06:11', '2022-01-16 14:06:11', NULL),
(563, 68, 28, 'RXG2BI6TC8', '2012-09-08', '2014-07-31', '2020-06-04', '2022-01-16 14:06:11', '2022-01-16 14:06:11', NULL),
(564, 5, 40, 'KK39F9A9A', '2015-07-04', '2016-01-06', '2020-05-07', '2022-01-16 14:06:11', '2022-01-16 14:06:11', NULL),
(565, 2, 25, 'ZHRY43CAKJ', '2016-04-02', '2021-12-14', '2021-05-03', '2022-01-16 14:06:11', '2022-01-16 14:06:11', NULL),
(566, 80, 39, 'BTGRFHJ', '2015-12-12', '2019-04-03', '2021-11-09', '2022-01-16 14:06:11', '2022-01-16 14:06:11', NULL),
(567, 25, 26, 'T8W7CEUT9N', '2016-05-01', '2020-09-30', '2017-11-13', '2022-01-16 14:06:11', '2022-01-16 14:06:11', NULL),
(568, 26, 11, 'NH573ZI', '2017-02-23', '2021-10-30', '2018-08-01', '2022-01-16 14:06:11', '2022-01-16 14:06:11', NULL),
(569, 115, 32, 'NL1YYOTY2B', '2016-03-28', '2018-05-30', '2019-04-11', '2022-01-16 14:06:11', '2022-01-16 14:06:11', NULL),
(570, 51, 21, 'N3P6B6VG', '2014-10-11', '2017-01-30', '2020-11-13', '2022-01-16 14:06:11', '2022-01-16 14:06:11', NULL),
(571, 30, 5, '3AG7U1F2O', '2017-07-06', '2017-08-05', '2021-06-04', '2022-01-16 14:06:11', '2022-01-16 14:06:11', NULL),
(572, 145, 19, 'K06Y18ER', '2012-12-22', '2021-11-14', '2019-06-24', '2022-01-16 14:06:11', '2022-01-16 14:06:11', NULL),
(573, 30, 8, 'UK5YX1S', '2015-11-02', '2021-12-05', '2019-04-27', '2022-01-16 14:06:11', '2022-01-16 14:06:11', NULL),
(574, 106, 22, 'KMNEL4S', '2014-07-21', '2017-07-12', '2018-03-01', '2022-01-16 14:06:11', '2022-01-16 14:06:11', NULL),
(575, 65, 15, '79Z5OR3SS', '2016-04-07', '2021-10-01', '2021-06-02', '2022-01-16 14:06:11', '2022-01-16 14:06:11', NULL),
(576, 16, 37, '3V6E10', '2016-09-18', '2016-09-28', '2020-08-06', '2022-01-16 14:06:11', '2022-01-16 14:06:11', NULL),
(577, 81, 20, 'IMOLE6A', '2012-09-20', '2015-07-21', '2020-05-29', '2022-01-16 14:06:11', '2022-01-16 14:06:11', NULL),
(578, 141, 45, 'WDQOY79', '2012-09-25', '2017-03-04', '2021-05-18', '2022-01-16 14:06:11', '2022-01-16 14:06:11', NULL),
(579, 4, 52, '8XBX0DKJ', '2012-03-10', '2020-05-28', '2014-09-20', '2022-01-16 14:06:11', '2022-01-16 14:06:11', NULL),
(580, 127, 35, '25WO1522T', '2014-04-30', '2019-04-10', '2020-04-21', '2022-01-16 14:06:11', '2022-01-16 14:06:11', NULL),
(581, 112, 35, 'K0PS7D', '2017-04-03', '2021-03-05', '2017-10-01', '2022-01-16 14:06:11', '2022-01-16 14:06:11', NULL),
(582, 81, 50, '9HW3CBUY', '2013-06-03', '2020-09-29', '2017-04-11', '2022-01-16 14:06:11', '2022-01-16 14:06:11', NULL),
(583, 46, 1, 'GLZC4XVIW0', '2014-12-04', '2018-06-11', '2018-03-06', '2022-01-16 14:06:11', '2022-01-16 14:06:11', NULL),
(584, 46, 40, 'XR4GM54', '2017-02-14', '2017-08-21', '2020-05-05', '2022-01-16 14:06:11', '2022-01-16 14:06:11', NULL),
(585, 51, 34, 'DFTUSLA6LQ', '2013-09-03', '2019-06-17', '2019-07-07', '2022-01-16 14:06:11', '2022-01-16 14:06:11', NULL),
(586, 143, 33, 'WZGJ5Y', '2013-01-11', '2021-05-28', '2015-07-25', '2022-01-16 14:06:11', '2022-01-16 14:06:11', NULL),
(587, 134, 51, 'DF173W', '2015-06-10', '2015-09-03', '2020-03-03', '2022-01-16 14:06:11', '2022-01-16 14:06:11', NULL),
(588, 27, 39, 'ZZ4R4A8', '2013-11-07', '2015-10-01', '2016-07-13', '2022-01-16 14:06:11', '2022-01-16 14:06:11', NULL),
(589, 87, 34, 'AO71VTLP', '2014-12-18', '2019-05-19', '2019-08-04', '2022-01-16 14:06:11', '2022-01-16 14:06:11', NULL),
(590, 101, 4, '0K1WUAES', '2014-11-29', '2017-03-02', '2021-02-10', '2022-01-16 14:06:11', '2022-01-16 14:06:11', NULL),
(591, 115, 17, '5CNAXL', '2014-08-09', '2019-06-12', '2014-10-30', '2022-01-16 14:06:11', '2022-01-16 14:06:11', NULL),
(592, 83, 45, 'NINI07YJP', '2013-01-16', '2020-07-30', '2020-12-02', '2022-01-16 14:06:11', '2022-01-16 14:06:11', NULL),
(593, 130, 24, 'NQUBS3', '2013-06-28', '2015-12-24', '2015-10-17', '2022-01-16 14:06:11', '2022-01-16 14:06:11', NULL),
(594, 5, 49, 'O00CV1D', '2017-07-23', '2017-12-28', '2018-10-19', '2022-01-16 14:06:11', '2022-01-16 14:06:11', NULL),
(595, 35, 10, 'NZ570I', '2016-02-14', '2017-07-03', '2017-05-28', '2022-01-16 14:06:11', '2022-01-16 14:06:11', NULL),
(596, 92, 9, '5372X9AZ5M', '2017-01-06', '2019-04-03', '2019-06-11', '2022-01-16 14:06:11', '2022-01-16 14:06:11', NULL),
(597, 93, 49, 'DTTAFP6D3', '2016-05-15', '2020-07-09', '2017-01-23', '2022-01-16 14:06:11', '2022-01-16 14:06:11', NULL),
(598, 96, 7, '4CSHT9EI', '2017-08-21', '2018-11-12', '2019-11-29', '2022-01-16 14:06:11', '2022-01-16 14:06:11', NULL),
(599, 124, 19, 'VEWSF31', '2013-09-07', '2015-08-31', '2020-06-01', '2022-01-16 14:06:11', '2022-01-16 14:06:11', NULL),
(600, 90, 26, 'HZGTNE', '2012-12-16', '2021-10-08', '2016-03-20', '2022-01-16 14:06:11', '2022-01-16 14:06:11', NULL),
(601, 96, 34, 'EFLL6G', '2013-04-24', '2021-03-13', '2015-05-25', '2022-01-16 14:06:11', '2022-01-16 14:06:11', NULL),
(602, 135, 26, 'GJ3ZI6', '2016-09-13', '2019-02-05', '2021-02-01', '2022-01-16 14:06:11', '2022-01-16 14:06:11', NULL),
(603, 30, 4, 'V14S5JLSJ9', '2016-12-24', '2020-01-21', '2018-01-29', '2022-01-16 14:06:11', '2022-01-16 14:06:11', NULL),
(604, 18, 38, '8375BKQP', '2012-09-21', '2013-04-15', '2016-10-30', '2022-01-16 14:06:11', '2022-01-16 14:06:11', NULL),
(605, 138, 3, 'CD0ASCN', '2012-03-25', '2013-01-12', '2015-01-22', '2022-01-16 14:06:11', '2022-01-16 14:06:11', NULL),
(606, 80, 15, '1Q2OBY', '2017-03-14', '2021-08-22', '2019-12-17', '2022-01-16 14:06:11', '2022-01-16 14:06:11', NULL),
(607, 59, 25, 'D7KD5IJ', '2016-01-02', '2020-04-14', '2019-02-15', '2022-01-16 14:06:11', '2022-01-16 14:06:11', NULL),
(608, 2, 49, 'LA5KNYJ', '2014-02-15', '2016-01-25', '2015-05-09', '2022-01-16 14:06:11', '2022-01-16 14:06:11', NULL),
(609, 5, 16, '4114QX3G', '2016-02-10', '2017-09-12', '2016-09-10', '2022-01-16 14:06:11', '2022-01-16 14:06:11', NULL),
(610, 34, 27, 'YYE5JF9G0', '2017-05-05', '2018-05-12', '2022-01-01', '2022-01-16 14:06:11', '2022-01-16 14:06:11', NULL),
(611, 137, 7, '7WIUWS', '2012-03-03', '2020-10-23', '2019-02-17', '2022-01-16 14:06:11', '2022-01-16 14:06:11', NULL),
(612, 135, 38, 'XA7SOSP1', '2013-05-02', '2017-08-21', '2014-01-11', '2022-01-16 14:06:11', '2022-01-16 14:06:11', NULL),
(613, 98, 41, 'EJ1L6M37RM', '2013-06-04', '2018-08-28', '2016-07-04', '2022-01-16 14:06:11', '2022-01-16 14:06:11', NULL),
(614, 136, 18, '3RKY5352W2', '2014-10-09', '2019-06-17', '2017-01-09', '2022-01-16 14:06:11', '2022-01-16 14:06:11', NULL),
(615, 57, 5, 'I7JAXQM9J', '2017-02-15', '2020-07-22', '2020-10-04', '2022-01-16 14:06:11', '2022-01-16 14:06:11', NULL),
(616, 34, 4, 'I8KSEM1Y3D', '2012-07-03', '2014-11-04', '2013-11-07', '2022-01-16 14:06:11', '2022-01-16 14:06:11', NULL),
(617, 119, 39, '3IGTVJ', '2017-12-09', '2021-09-08', '2020-03-26', '2022-01-16 14:06:11', '2022-01-16 14:06:11', NULL),
(618, 42, 50, 'CBXVM1W', '2015-09-09', '2018-02-16', '2016-08-07', '2022-01-16 14:06:11', '2022-01-16 14:06:11', NULL),
(619, 80, 22, '695FSJN', '2017-02-09', '2020-05-22', '2017-12-20', '2022-01-16 14:06:11', '2022-01-16 14:06:11', NULL),
(620, 130, 18, '1Z37NGJOK', '2012-02-13', '2015-01-30', '2018-07-21', '2022-01-16 14:06:11', '2022-01-16 14:06:11', NULL),
(621, 17, 44, 'LXNNVVHQZP', '2017-01-25', '2021-01-30', '2021-09-06', '2022-01-16 14:06:11', '2022-01-16 14:06:11', NULL),
(622, 99, 36, 'W5OUZOK2K', '2017-05-28', '2019-06-29', '2018-05-06', '2022-01-16 14:06:11', '2022-01-16 14:06:11', NULL),
(623, 114, 9, '7MK5STHOY', '2012-12-13', '2018-03-16', '2014-05-25', '2022-01-16 14:06:11', '2022-01-16 14:06:11', NULL),
(624, 127, 12, 'ATM77ZRB1G', '2016-12-07', '2018-12-04', '2020-06-24', '2022-01-16 14:06:11', '2022-01-16 14:06:11', NULL),
(625, 15, 28, '6SYLE0XZD9', '2013-11-13', '2018-12-15', '2018-06-30', '2022-01-16 14:06:11', '2022-01-16 14:06:11', NULL),
(626, 141, 42, 'NAG1Q9', '2017-02-28', '2021-10-24', '2019-04-04', '2022-01-16 14:06:11', '2022-01-16 14:06:11', NULL),
(627, 118, 27, 'H3WCERXMK', '2016-07-02', '2017-05-29', '2021-12-05', '2022-01-16 14:06:11', '2022-01-16 14:06:11', NULL),
(628, 78, 52, 'JJZCZ06DL', '2017-06-26', '2021-12-19', '2017-11-18', '2022-01-16 14:06:11', '2022-01-16 14:06:11', NULL),
(629, 47, 16, 'KQ2MVH', '2013-04-09', '2020-11-27', '2020-01-07', '2022-01-16 14:06:11', '2022-01-16 14:06:11', NULL),
(630, 118, 42, 'BDNUPAX', '2012-08-13', '2020-10-19', '2021-08-23', '2022-01-16 14:06:11', '2022-01-16 14:06:11', NULL),
(631, 109, 36, 'JHBIFJP7T', '2016-02-28', '2019-11-09', '2022-01-11', '2022-01-16 14:06:11', '2022-01-16 14:06:11', NULL),
(632, 51, 41, 'PJ9YFIDXZG', '2013-10-31', '2019-06-04', '2020-10-19', '2022-01-16 14:06:11', '2022-01-16 14:06:11', NULL),
(633, 110, 27, 'CWOMQMGI53', '2017-10-21', '2018-11-19', '2018-02-19', '2022-01-16 14:06:11', '2022-01-16 14:06:11', NULL),
(634, 93, 44, 'TFP1WD6O', '2015-08-29', '2020-12-02', '2019-08-30', '2022-01-16 14:06:11', '2022-01-16 14:06:11', NULL),
(635, 86, 8, '3U8972', '2014-10-06', '2021-08-26', '2020-02-01', '2022-01-16 14:06:11', '2022-01-16 14:06:11', NULL),
(636, 9, 5, 'HFYW3411', '2016-12-16', '2021-10-04', '2017-07-16', '2022-01-16 14:06:11', '2022-01-16 14:06:11', NULL),
(637, 142, 50, 'WEP91CJ', '2013-03-23', '2016-10-19', '2019-11-16', '2022-01-16 14:06:11', '2022-01-16 14:06:11', NULL),
(638, 36, 40, '57ETND7RD', '2014-07-03', '2018-09-08', '2016-11-01', '2022-01-16 14:06:11', '2022-01-16 14:06:11', NULL),
(639, 11, 27, '1XNNC3', '2014-11-14', '2015-08-22', '2018-01-21', '2022-01-16 14:06:11', '2022-01-16 14:06:11', NULL),
(640, 54, 31, '469PQ7401', '2012-01-28', '2018-04-22', '2017-11-02', '2022-01-16 14:06:11', '2022-01-16 14:06:11', NULL),
(641, 144, 11, 'YGQ6PT6', '2012-03-16', '2020-08-10', '2018-06-20', '2022-01-16 14:06:11', '2022-01-16 14:06:11', NULL),
(642, 3, 21, 'I9ATZ6LBXZ', '2017-10-14', '2020-02-29', '2020-09-24', '2022-01-16 14:06:11', '2022-01-16 14:06:11', NULL),
(643, 95, 10, 'VGBUDW1AZ', '2013-11-28', '2017-04-01', '2021-01-19', '2022-01-16 14:06:11', '2022-01-16 14:06:11', NULL),
(644, 21, 44, 'NLY2WY', '2016-09-05', '2016-10-15', '2020-06-25', '2022-01-16 14:06:11', '2022-01-16 14:06:11', NULL),
(645, 141, 19, 'I70Q9X', '2016-07-10', '2020-08-20', '2021-02-19', '2022-01-16 14:06:11', '2022-01-16 14:06:11', NULL),
(646, 140, 38, '3FA2CXCHH', '2013-06-28', '2020-09-07', '2015-02-16', '2022-01-16 14:06:11', '2022-01-16 14:06:11', NULL),
(647, 140, 3, 'OSHV19', '2017-10-24', '2021-10-25', '2019-05-09', '2022-01-16 14:06:11', '2022-01-16 14:06:11', NULL),
(648, 45, 36, 'JHDZA350JZ', '2014-08-19', '2016-05-03', '2021-08-10', '2022-01-16 14:06:11', '2022-01-16 14:06:11', NULL),
(649, 74, 45, 'LFN508YIR', '2016-11-23', '2016-12-14', '2017-08-07', '2022-01-16 14:06:11', '2022-01-16 14:06:11', NULL),
(650, 15, 7, '2KGIOY', '2015-11-16', '2017-02-04', '2021-07-14', '2022-01-16 14:06:11', '2022-01-16 14:06:11', NULL),
(651, 37, 13, 'G0WIR130', '2015-07-07', '2018-05-31', '2018-06-21', '2022-01-16 14:06:11', '2022-01-16 14:06:11', NULL),
(652, 85, 37, '91NQ99KE', '2015-08-21', '2017-08-07', '2018-05-19', '2022-01-16 14:06:11', '2022-01-16 14:06:11', NULL),
(653, 4, 51, 'YEZS9H7D', '2014-07-14', '2018-08-07', '2019-09-06', '2022-01-16 14:06:11', '2022-01-16 14:06:11', NULL),
(654, 126, 5, 'NRFIJ7GN', '2016-12-09', '2018-08-07', '2021-10-06', '2022-01-16 14:06:11', '2022-01-16 14:06:11', NULL),
(655, 41, 41, 'JYHPOAF1C2', '2014-12-13', '2015-08-18', '2016-08-09', '2022-01-16 14:06:11', '2022-01-16 14:06:11', NULL),
(656, 4, 11, '783CUVZD4W', '2012-04-30', '2021-09-11', '2019-10-29', '2022-01-16 14:06:11', '2022-01-16 14:06:11', NULL),
(657, 47, 18, 'KUE7MBB', '2013-09-28', '2019-08-21', '2018-05-18', '2022-01-16 14:06:11', '2022-01-16 14:06:11', NULL),
(658, 129, 7, '3RD8G87', '2012-07-28', '2020-12-11', '2015-12-14', '2022-01-16 14:06:11', '2022-01-16 14:06:11', NULL),
(659, 63, 37, 'U3IEV1DDG2', '2014-05-08', '2017-08-03', '2015-04-02', '2022-01-16 14:06:11', '2022-01-16 14:06:11', NULL),
(660, 66, 38, 'GAOZ4Z8SPG', '2016-05-14', '2018-06-30', '2021-06-15', '2022-01-16 14:06:12', '2022-01-16 14:06:12', NULL),
(661, 97, 15, 'QDNSGFPX2G', '2014-03-09', '2021-05-05', '2016-06-28', '2022-01-16 14:06:12', '2022-01-16 14:06:12', NULL),
(662, 113, 38, 'VVKY4O', '2014-06-23', '2020-11-05', '2015-09-27', '2022-01-16 14:06:12', '2022-01-16 14:06:12', NULL),
(663, 102, 31, 'DPV4KY7I', '2012-07-08', '2013-10-20', '2015-10-24', '2022-01-16 14:06:12', '2022-01-16 14:06:12', NULL),
(664, 106, 51, 'Z60SOPCOYJ', '2015-05-08', '2015-05-15', '2020-11-18', '2022-01-16 14:06:12', '2022-01-16 14:06:12', NULL),
(665, 83, 4, '1EOFRC', '2016-05-10', '2017-02-23', '2018-08-29', '2022-01-16 14:06:12', '2022-01-16 14:06:12', NULL),
(666, 32, 43, 'V9Y08DUH', '2016-01-27', '2017-05-30', '2016-08-03', '2022-01-16 14:06:12', '2022-01-16 14:06:12', NULL),
(667, 65, 42, 'E3XBCVWRW', '2017-09-30', '2018-03-21', '2018-08-15', '2022-01-16 14:06:12', '2022-01-16 14:06:12', NULL),
(668, 93, 28, 'IWKZHK', '2013-10-03', '2015-04-27', '2019-05-21', '2022-01-16 14:06:12', '2022-01-16 14:06:12', NULL),
(669, 102, 18, '5EOM81L4', '2013-03-05', '2017-01-28', '2015-01-31', '2022-01-16 14:06:12', '2022-01-16 14:06:12', NULL),
(670, 8, 49, 'II3N1D', '2016-06-18', '2019-04-19', '2020-08-01', '2022-01-16 14:06:12', '2022-01-16 14:06:12', NULL),
(671, 139, 37, 'KKT1P4CA', '2017-02-19', '2021-04-15', '2020-07-26', '2022-01-16 14:06:12', '2022-01-16 14:06:12', NULL),
(672, 65, 29, 'WWKLTLPQS1', '2015-06-16', '2019-04-23', '2017-05-19', '2022-01-16 14:06:12', '2022-01-16 14:06:12', NULL),
(673, 59, 1, 'JULYZ1G', '2014-09-03', '2016-03-12', '2019-04-21', '2022-01-16 14:06:12', '2022-01-16 14:06:12', NULL),
(674, 111, 38, '8XGAZ86CJ', '2017-08-09', '2019-08-30', '2020-06-08', '2022-01-16 14:06:12', '2022-01-16 14:06:12', NULL),
(675, 92, 21, 'OQ0MUL', '2016-06-01', '2021-12-12', '2018-11-05', '2022-01-16 14:06:12', '2022-01-16 14:06:12', NULL),
(676, 67, 24, 'NRK5B7W3L', '2015-01-16', '2016-08-24', '2015-07-19', '2022-01-16 14:06:12', '2022-01-16 14:06:12', NULL),
(677, 76, 44, '4NUL53JTQX', '2015-07-29', '2018-04-15', '2021-09-27', '2022-01-16 14:06:12', '2022-01-16 14:06:12', NULL),
(678, 14, 7, 'YVQF31E', '2012-09-14', '2014-10-20', '2013-11-02', '2022-01-16 14:06:12', '2022-01-16 14:06:12', NULL),
(679, 80, 44, 'IAS72D', '2015-05-06', '2019-09-25', '2020-09-30', '2022-01-16 14:06:12', '2022-01-16 14:06:12', NULL),
(680, 41, 1, 'EL0U7P0AO', '2014-03-26', '2019-02-26', '2019-10-25', '2022-01-16 14:06:12', '2022-01-16 14:06:12', NULL),
(681, 40, 26, 'XECFCKIBEN', '2017-04-24', '2019-09-06', '2019-04-24', '2022-01-16 14:06:12', '2022-01-16 14:06:12', NULL),
(682, 13, 45, 'JJ7ADTR', '2015-04-18', '2016-10-04', '2021-08-03', '2022-01-16 14:06:12', '2022-01-16 14:06:12', NULL),
(683, 63, 2, '98MOK17OG', '2014-03-14', '2021-09-22', '2014-06-29', '2022-01-16 14:06:12', '2022-01-16 14:06:12', NULL),
(684, 5, 50, 'UNCBSWC', '2012-03-16', '2019-06-06', '2015-01-28', '2022-01-16 14:06:12', '2022-01-16 14:06:12', NULL),
(685, 22, 44, 'OWYPBMNI', '2016-09-01', '2020-04-27', '2020-10-07', '2022-01-16 14:06:12', '2022-01-16 14:06:12', NULL),
(686, 44, 13, '3BF8VHM6KC', '2015-11-17', '2020-08-27', '2021-03-30', '2022-01-16 14:06:12', '2022-01-16 14:06:12', NULL),
(687, 14, 48, 'ABP5XDMXZE', '2014-02-12', '2017-01-19', '2016-09-10', '2022-01-16 14:06:12', '2022-01-16 14:06:12', NULL),
(688, 73, 22, 'D0O0Y3W18', '2016-08-15', '2021-05-28', '2018-01-20', '2022-01-16 14:06:12', '2022-01-16 14:06:12', NULL),
(689, 129, 39, 'XMJIPVAGCS', '2012-11-03', '2021-03-15', '2013-05-21', '2022-01-16 14:06:12', '2022-01-16 14:06:12', NULL),
(690, 94, 3, 'H1F0BH1R', '2013-08-16', '2016-05-15', '2016-08-16', '2022-01-16 14:06:12', '2022-01-16 14:06:12', NULL),
(691, 104, 41, 'JKDJZIIX', '2017-03-11', '2018-07-29', '2017-12-07', '2022-01-16 14:06:12', '2022-01-16 14:06:12', NULL),
(692, 112, 6, '34E4XUNQ3', '2015-12-31', '2016-04-02', '2016-10-18', '2022-01-16 14:06:12', '2022-01-16 14:06:12', NULL),
(693, 117, 34, '6PWWSBL9', '2017-10-10', '2018-02-07', '2021-04-21', '2022-01-16 14:06:12', '2022-01-16 14:06:12', NULL),
(694, 106, 30, 'GXZRK1UCUB', '2017-12-18', '2018-06-22', '2018-01-12', '2022-01-16 14:06:12', '2022-01-16 14:06:12', NULL),
(695, 69, 43, '9KYUE50', '2015-06-15', '2021-12-14', '2019-09-14', '2022-01-16 14:06:12', '2022-01-16 14:06:12', NULL),
(696, 84, 11, '3VDWSYMD', '2015-09-29', '2019-09-03', '2016-01-14', '2022-01-16 14:06:12', '2022-01-16 14:06:12', NULL),
(697, 24, 13, '11O183K3', '2015-09-01', '2017-12-28', '2021-07-29', '2022-01-16 14:06:12', '2022-01-16 14:06:12', NULL),
(698, 54, 38, 'SKKB11', '2017-12-02', '2021-03-31', '2018-05-08', '2022-01-16 14:06:12', '2022-01-16 14:06:12', NULL),
(699, 41, 2, 'BHP7IE29M', '2015-06-20', '2020-06-21', '2020-03-01', '2022-01-16 14:06:12', '2022-01-16 14:06:12', NULL),
(700, 1, 11, 'HWTXRL1FT6', '2016-01-30', '2020-07-02', '2020-03-13', '2022-01-16 14:06:12', '2022-01-16 14:06:12', NULL),
(701, 24, 8, 'RXAE8Q', '2017-04-05', '2020-03-19', '2021-12-17', '2022-01-16 14:06:12', '2022-01-16 14:06:12', NULL),
(702, 5, 39, 'FNYJMU751', '2015-03-22', '2018-01-10', '2019-04-19', '2022-01-16 14:06:12', '2022-01-16 14:06:12', NULL),
(703, 54, 23, 'P21ET4MK6', '2012-05-26', '2014-09-28', '2020-06-01', '2022-01-16 14:06:12', '2022-01-16 14:06:12', NULL),
(704, 66, 45, '1K3775', '2013-03-29', '2017-07-20', '2018-08-02', '2022-01-16 14:06:12', '2022-01-16 14:06:12', NULL),
(705, 70, 23, '39CV1LM9', '2012-02-20', '2016-06-08', '2016-02-26', '2022-01-16 14:06:12', '2022-01-16 14:06:12', NULL),
(706, 29, 22, 'TOI9X7', '2014-08-03', '2021-02-02', '2020-12-02', '2022-01-16 14:06:12', '2022-01-16 14:06:12', NULL),
(707, 65, 26, '7H4LCIT07', '2015-12-13', '2017-06-05', '2021-09-08', '2022-01-16 14:06:12', '2022-01-16 14:06:12', NULL),
(708, 43, 42, 'IMMDHPLA', '2016-02-12', '2018-10-06', '2019-12-17', '2022-01-16 14:06:12', '2022-01-16 14:06:12', NULL),
(709, 77, 36, 'OTHSWFOL4', '2015-09-08', '2021-03-20', '2017-12-18', '2022-01-16 14:06:12', '2022-01-16 14:06:12', NULL),
(710, 149, 36, '6ITLPCGW', '2012-02-19', '2015-09-17', '2017-11-22', '2022-01-16 14:06:12', '2022-01-16 14:06:12', NULL),
(711, 102, 33, 'V0MKQRLS', '2012-11-08', '2013-01-15', '2019-08-27', '2022-01-16 14:06:12', '2022-01-16 14:06:12', NULL),
(712, 24, 24, 'VXW8AE1', '2017-06-22', '2021-08-05', '2021-06-02', '2022-01-16 14:06:12', '2022-01-16 14:06:12', NULL),
(713, 50, 13, '5N9N2F', '2016-12-30', '2021-03-17', '2020-08-17', '2022-01-16 14:06:12', '2022-01-16 14:06:12', NULL),
(714, 126, 45, '3HUEMC', '2015-10-27', '2021-02-19', '2018-04-01', '2022-01-16 14:06:12', '2022-01-16 14:06:12', NULL),
(715, 13, 21, 'NYQUCZ094', '2015-06-03', '2015-09-02', '2015-10-06', '2022-01-16 14:06:12', '2022-01-16 14:06:12', NULL),
(716, 99, 48, 'AE9CC8TZY', '2012-04-19', '2017-11-12', '2020-05-02', '2022-01-16 14:06:12', '2022-01-16 14:06:12', NULL),
(717, 19, 20, 'RNFZNOM', '2015-03-24', '2016-05-11', '2020-07-22', '2022-01-16 14:06:12', '2022-01-16 14:06:12', NULL),
(718, 47, 45, 'FQSUEG', '2013-11-03', '2014-06-06', '2019-10-09', '2022-01-16 14:06:12', '2022-01-16 14:06:12', NULL),
(719, 88, 2, 'NBJVAYLF1', '2015-07-27', '2019-07-02', '2015-08-12', '2022-01-16 14:06:12', '2022-01-16 14:06:12', NULL),
(720, 61, 6, 'R2SDYR0A', '2017-12-24', '2018-09-20', '2021-11-11', '2022-01-16 14:06:12', '2022-01-16 14:06:12', NULL),
(721, 117, 15, 'KU2NCW', '2012-05-03', '2020-05-27', '2018-08-12', '2022-01-16 14:06:12', '2022-01-16 14:06:12', NULL),
(722, 8, 19, 'I6EU3ZDWTI', '2014-05-25', '2021-05-27', '2015-01-29', '2022-01-16 14:06:12', '2022-01-16 14:06:12', NULL),
(723, 6, 43, 'ZHRO5J', '2014-06-01', '2015-01-04', '2017-11-23', '2022-01-16 14:06:12', '2022-01-16 14:06:12', NULL),
(724, 123, 45, '4B31TWE', '2014-02-25', '2016-08-10', '2021-09-25', '2022-01-16 14:06:12', '2022-01-16 14:06:12', NULL),
(725, 60, 45, 'JUQQLTMMR', '2017-01-11', '2020-03-09', '2018-09-30', '2022-01-16 14:06:12', '2022-01-16 14:06:12', NULL),
(726, 146, 4, 'B4G2NP65C', '2015-03-04', '2020-03-20', '2016-06-17', '2022-01-16 14:06:12', '2022-01-16 14:06:12', NULL),
(727, 111, 40, '00RVMR', '2013-10-20', '2014-11-23', '2017-12-14', '2022-01-16 14:06:12', '2022-01-16 14:06:12', NULL),
(728, 149, 35, '2BWANT92Y8', '2016-08-05', '2019-07-15', '2020-03-21', '2022-01-16 14:06:12', '2022-01-16 14:06:12', NULL),
(729, 134, 25, 'KEZM3HI', '2013-11-20', '2018-05-15', '2017-12-12', '2022-01-16 14:06:12', '2022-01-16 14:06:12', NULL),
(730, 134, 49, 'O94C1F', '2014-11-19', '2019-09-25', '2017-03-15', '2022-01-16 14:06:12', '2022-01-16 14:06:12', NULL),
(731, 24, 27, 'UE54QQ', '2013-10-14', '2022-01-06', '2014-05-11', '2022-01-16 14:06:12', '2022-01-16 14:06:12', NULL),
(732, 97, 36, 'XVQM50HB3', '2012-12-17', '2014-10-02', '2013-02-02', '2022-01-16 14:06:12', '2022-01-16 14:06:12', NULL),
(733, 139, 35, 'MUN4GIU3', '2016-06-12', '2021-07-11', '2017-09-10', '2022-01-16 14:06:12', '2022-01-16 14:06:12', NULL),
(734, 87, 42, 'CU76W8V5OZ', '2012-10-02', '2015-03-31', '2018-08-08', '2022-01-16 14:06:12', '2022-01-16 14:06:12', NULL),
(735, 32, 40, '0Q02KZI', '2017-01-10', '2020-11-16', '2018-12-10', '2022-01-16 14:06:12', '2022-01-16 14:06:12', NULL),
(736, 75, 18, 'VSWI308I', '2016-07-28', '2019-09-14', '2021-03-20', '2022-01-16 14:06:12', '2022-01-16 14:06:12', NULL),
(737, 97, 32, 'T21AJX0T', '2013-10-06', '2021-10-08', '2018-09-06', '2022-01-16 14:06:12', '2022-01-16 14:06:12', NULL),
(738, 21, 47, 'QRN02AH', '2014-01-07', '2018-10-03', '2019-05-06', '2022-01-16 14:06:12', '2022-01-16 14:06:12', NULL),
(739, 92, 47, '9OG8O6FXR7', '2014-10-25', '2021-08-05', '2018-07-21', '2022-01-16 14:06:12', '2022-01-16 14:06:12', NULL),
(740, 18, 22, 'HWYSXE', '2016-11-02', '2019-06-23', '2018-01-25', '2022-01-16 14:06:12', '2022-01-16 14:06:12', NULL),
(741, 117, 37, 'WHJ6N47SB', '2017-08-12', '2018-12-10', '2020-07-28', '2022-01-16 14:06:12', '2022-01-16 14:06:12', NULL),
(742, 32, 31, '5XB2I1', '2012-05-20', '2020-03-31', '2018-04-30', '2022-01-16 14:06:12', '2022-01-16 14:06:12', NULL),
(743, 64, 17, '3KBLHPW', '2014-12-18', '2016-01-25', '2019-06-22', '2022-01-16 14:06:12', '2022-01-16 14:06:12', NULL),
(744, 124, 30, 'WXYAVHF', '2015-07-10', '2021-01-03', '2017-04-30', '2022-01-16 14:06:12', '2022-01-16 14:06:12', NULL),
(745, 137, 18, 'P2GXD4Y', '2017-06-30', '2021-02-27', '2021-12-03', '2022-01-16 14:06:12', '2022-01-16 14:06:12', NULL),
(746, 46, 34, '0XI3Z53W', '2014-12-29', '2017-07-20', '2015-05-20', '2022-01-16 14:06:12', '2022-01-16 14:06:12', NULL),
(747, 80, 11, 'ZS0H4X43', '2016-01-09', '2018-04-06', '2021-11-03', '2022-01-16 14:06:12', '2022-01-16 14:06:12', NULL),
(748, 107, 39, '7JJ65XRAJD', '2017-10-30', '2018-05-08', '2018-08-11', '2022-01-16 14:06:12', '2022-01-16 14:06:12', NULL),
(749, 8, 45, '3520FXJWZ7', '2016-12-04', '2018-11-20', '2021-05-15', '2022-01-16 14:06:12', '2022-01-16 14:06:12', NULL),
(750, 45, 41, 'N3VKBTUFSD', '2016-08-09', '2020-09-16', '2017-02-13', '2022-01-16 14:06:12', '2022-01-16 14:06:12', NULL),
(751, 108, 48, '5RQOASM8MZ8', NULL, NULL, '2022-01-16', NULL, NULL, NULL),
(752, 108, 34, '5RQOASM8MZ58', NULL, NULL, '2022-01-16', NULL, NULL, NULL);

-- --------------------------------------------------------

--
-- Table structure for table `manufacturers`
--

CREATE TABLE `manufacturers` (
  `id` bigint(20) UNSIGNED NOT NULL,
  `name` varchar(25) COLLATE utf8mb4_unicode_ci NOT NULL,
  `created_at` timestamp NULL DEFAULT NULL,
  `updated_at` timestamp NULL DEFAULT NULL,
  `deleted_at` timestamp NULL DEFAULT NULL
) ENGINE=InnoDB DEFAULT CHARSET=utf8mb4 COLLATE=utf8mb4_unicode_ci;

--
-- Dumping data for table `manufacturers`
--

INSERT INTO `manufacturers` (`id`, `name`, `created_at`, `updated_at`, `deleted_at`) VALUES
(1, 'modi', '2022-01-16 14:06:09', '2022-01-16 14:06:09', NULL),
(2, 'exercitationem', '2022-01-16 14:06:09', '2022-01-16 14:06:09', NULL),
(3, 'neque', '2022-01-16 14:06:09', '2022-01-16 14:06:09', NULL),
(4, 'optio', '2022-01-16 14:06:09', '2022-01-16 14:06:09', NULL),
(5, 'laborum', '2022-01-16 14:06:09', '2022-01-16 14:06:09', NULL),
(6, 'beatae', '2022-01-16 14:06:09', '2022-01-16 14:06:09', NULL),
(7, 'unde', '2022-01-16 14:06:09', '2022-01-16 14:06:09', NULL),
(8, 'expedita', '2022-01-16 14:06:09', '2022-01-16 14:06:09', NULL),
(9, 'impedit', '2022-01-16 14:06:09', '2022-01-16 14:06:09', NULL),
(10, 'reprehenderit', '2022-01-16 14:06:09', '2022-01-16 14:06:09', NULL),
(11, 'molestias', '2022-01-16 14:06:09', '2022-01-16 14:06:09', NULL),
(12, 'facere', '2022-01-16 14:06:09', '2022-01-16 14:06:09', NULL),
(13, 'sint', '2022-01-16 14:06:09', '2022-01-16 14:06:09', NULL),
(14, 'velit', '2022-01-16 14:06:09', '2022-01-16 14:06:09', NULL),
(15, 'dicta', '2022-01-16 14:06:09', '2022-01-16 14:06:09', NULL),
(16, 'est', '2022-01-16 14:06:09', '2022-01-16 14:06:09', NULL),
(17, 'cum', '2022-01-16 14:06:09', '2022-01-16 14:06:09', NULL),
(18, 'quia', '2022-01-16 14:06:09', '2022-01-16 14:06:09', NULL),
(19, 'accusamus', '2022-01-16 14:06:09', '2022-01-16 14:06:09', NULL),
(20, 'laboriosam', '2022-01-16 14:06:09', '2022-01-16 14:06:09', NULL),
(21, 'veritatis', '2022-01-16 14:06:09', '2022-01-16 14:06:09', NULL),
(22, 'illum', '2022-01-16 14:06:09', '2022-01-16 14:06:09', NULL),
(23, 'itaque', '2022-01-16 14:06:09', '2022-01-16 14:06:09', NULL),
(24, 'ipsum', '2022-01-16 14:06:09', '2022-01-16 14:06:09', NULL),
(25, 'tempore', '2022-01-16 14:06:09', '2022-01-16 14:06:09', NULL),
(26, 'eos', '2022-01-16 14:06:09', '2022-01-16 14:06:09', NULL),
(27, 'recusandae', '2022-01-16 14:06:09', '2022-01-16 14:06:09', NULL),
(28, 'explicabo', '2022-01-16 14:06:09', '2022-01-16 14:06:09', NULL),
(29, 'non', '2022-01-16 14:06:09', '2022-01-16 14:06:09', NULL),
(30, 'nulla', '2022-01-16 14:06:09', '2022-01-16 14:06:09', NULL),
(31, 'sed', '2022-01-16 14:06:09', '2022-01-16 14:06:09', NULL),
(32, 'sunt', '2022-01-16 14:06:09', '2022-01-16 14:06:09', NULL),
(33, 'esse', '2022-01-16 14:06:09', '2022-01-16 14:06:09', NULL),
(34, 'ad', '2022-01-16 14:06:09', '2022-01-16 14:06:09', NULL),
(35, 'dolor', '2022-01-16 14:06:09', '2022-01-16 14:06:09', NULL),
(36, 'similique', '2022-01-16 14:06:09', '2022-01-16 14:06:09', NULL),
(37, 'cupiditate', '2022-01-16 14:06:09', '2022-01-16 14:06:09', NULL),
(38, 'quas', '2022-01-16 14:06:09', '2022-01-16 14:06:09', NULL),
(39, 'quod', '2022-01-16 14:06:09', '2022-01-16 14:06:09', NULL),
(40, 'quasi', '2022-01-16 14:06:09', '2022-01-16 14:06:09', NULL),
(41, 'repellendus', '2022-01-16 14:06:09', '2022-01-16 14:06:09', NULL),
(42, 'provident', '2022-01-16 14:06:09', '2022-01-16 14:06:09', NULL),
(43, 'rerum', '2022-01-16 14:06:09', '2022-01-16 14:06:09', NULL),
(44, 'enim', '2022-01-16 14:06:09', '2022-01-16 14:06:09', NULL),
(45, 'consequuntur', '2022-01-16 14:06:09', '2022-01-16 14:06:09', NULL),
(46, 'hic', '2022-01-16 14:06:09', '2022-01-16 14:06:09', NULL),
(47, 'illo', '2022-01-16 14:06:09', '2022-01-16 14:06:09', NULL),
(48, 'delectus', '2022-01-16 14:06:09', '2022-01-16 14:06:09', NULL),
(49, 'officiis', '2022-01-16 14:06:09', '2022-01-16 14:06:09', NULL),
(50, 'placeat', '2022-01-16 14:06:09', '2022-01-16 14:06:09', NULL),
(51, 'vitae', '2022-01-16 14:06:09', '2022-01-16 14:06:09', NULL),
(52, 'repudiandae', '2022-01-16 14:06:09', '2022-01-16 14:06:09', NULL),
(53, 'nihil', '2022-01-16 14:06:09', '2022-01-16 14:06:09', NULL),
(54, 'assumenda', '2022-01-16 14:06:09', '2022-01-16 14:06:09', NULL),
(55, 'reiciendis', '2022-01-16 14:06:09', '2022-01-16 14:06:09', NULL),
(56, 'corrupti', '2022-01-16 14:06:09', '2022-01-16 14:06:09', NULL),
(57, 'architecto', '2022-01-16 14:06:09', '2022-01-16 14:06:09', NULL),
(58, 'harum', '2022-01-16 14:06:09', '2022-01-16 14:06:09', NULL),
(59, 'nobis', '2022-01-16 14:06:09', '2022-01-16 14:06:09', NULL),
(60, 'nisi', '2022-01-16 14:06:09', '2022-01-16 14:06:09', NULL),
(61, 'dolore', '2022-01-16 14:06:09', '2022-01-16 14:06:09', NULL),
(62, 'ipsa', '2022-01-16 14:06:09', '2022-01-16 14:06:09', NULL),
(63, 'distinctio', '2022-01-16 14:06:09', '2022-01-16 14:06:09', NULL),
(64, 'maxime', '2022-01-16 14:06:09', '2022-01-16 14:06:09', NULL),
(65, 'libero', '2022-01-16 14:06:09', '2022-01-16 14:06:09', NULL),
(66, 'adipisci', '2022-01-16 14:06:09', '2022-01-16 14:06:09', NULL),
(67, 'nesciunt', '2022-01-16 14:06:09', '2022-01-16 14:06:09', NULL),
(68, 'consectetur', '2022-01-16 14:06:09', '2022-01-16 14:06:09', NULL),
(69, 'aliquid', '2022-01-16 14:06:09', '2022-01-16 14:06:09', NULL),
(70, 'doloremque', '2022-01-16 14:06:09', '2022-01-16 14:06:09', NULL),
(71, 'veniam', '2022-01-16 14:06:09', '2022-01-16 14:06:09', NULL),
(72, 'nemo', '2022-01-16 14:06:09', '2022-01-16 14:06:09', NULL),
(73, 'eveniet', '2022-01-16 14:06:09', '2022-01-16 14:06:09', NULL),
(74, 'quaerat', '2022-01-16 14:06:09', '2022-01-16 14:06:09', NULL),
(75, 'deleniti', '2022-01-16 14:06:09', '2022-01-16 14:06:09', NULL),
(76, 'numquam', '2022-01-16 14:06:09', '2022-01-16 14:06:09', NULL),
(77, 'laudantium', '2022-01-16 14:06:09', '2022-01-16 14:06:09', NULL),
(78, 'sequi', '2022-01-16 14:06:09', '2022-01-16 14:06:09', NULL),
(79, 'necessitatibus', '2022-01-16 14:06:09', '2022-01-16 14:06:09', NULL),
(80, 'autem', '2022-01-16 14:06:09', '2022-01-16 14:06:09', NULL);

-- --------------------------------------------------------

--
-- Table structure for table `migrations`
--

CREATE TABLE `migrations` (
  `id` int(10) UNSIGNED NOT NULL,
  `migration` varchar(255) COLLATE utf8mb4_unicode_ci NOT NULL,
  `batch` int(11) NOT NULL
) ENGINE=InnoDB DEFAULT CHARSET=utf8mb4 COLLATE=utf8mb4_unicode_ci;

--
-- Dumping data for table `migrations`
--

INSERT INTO `migrations` (`id`, `migration`, `batch`) VALUES
(1, '2014_10_12_000000_create_users_table', 1),
(2, '2014_10_12_100000_create_password_resets_table', 1),
(3, '2019_08_19_000000_create_failed_jobs_table', 1),
(4, '2019_12_14_000001_create_personal_access_tokens_table', 1),
(5, '2021_11_15_183809_create_permission_tables', 1),
(6, '2021_11_18_161210_create_categories_table', 1),
(7, '2021_11_18_161311_create_manufacturers_table', 1),
(8, '2021_11_18_161440_create_model_or_names_table', 1),
(9, '2021_11_18_161447_create_items_table', 1),
(10, '2021_11_18_161530_create_item_user_table', 1);

-- --------------------------------------------------------

--
-- Table structure for table `model_has_permissions`
--

CREATE TABLE `model_has_permissions` (
  `permission_id` bigint(20) UNSIGNED NOT NULL,
  `model_type` varchar(255) COLLATE utf8mb4_unicode_ci NOT NULL,
  `model_id` bigint(20) UNSIGNED NOT NULL
) ENGINE=InnoDB DEFAULT CHARSET=utf8mb4 COLLATE=utf8mb4_unicode_ci;

-- --------------------------------------------------------

--
-- Table structure for table `model_has_roles`
--

CREATE TABLE `model_has_roles` (
  `role_id` bigint(20) UNSIGNED NOT NULL,
  `model_type` varchar(255) COLLATE utf8mb4_unicode_ci NOT NULL,
  `model_id` bigint(20) UNSIGNED NOT NULL
) ENGINE=InnoDB DEFAULT CHARSET=utf8mb4 COLLATE=utf8mb4_unicode_ci;

--
-- Dumping data for table `model_has_roles`
--

INSERT INTO `model_has_roles` (`role_id`, `model_type`, `model_id`) VALUES
(1, 'App\\Models\\User', 1),
(2, 'App\\Models\\User', 2),
(2, 'App\\Models\\User', 3),
(2, 'App\\Models\\User', 4),
(2, 'App\\Models\\User', 5),
(2, 'App\\Models\\User', 6),
(2, 'App\\Models\\User', 7),
(2, 'App\\Models\\User', 8),
(2, 'App\\Models\\User', 9),
(2, 'App\\Models\\User', 10),
(2, 'App\\Models\\User', 11),
(2, 'App\\Models\\User', 12),
(2, 'App\\Models\\User', 13),
(2, 'App\\Models\\User', 14),
(2, 'App\\Models\\User', 15),
(2, 'App\\Models\\User', 16),
(2, 'App\\Models\\User', 17),
(2, 'App\\Models\\User', 18),
(2, 'App\\Models\\User', 19),
(2, 'App\\Models\\User', 20),
(2, 'App\\Models\\User', 21),
(2, 'App\\Models\\User', 22),
(2, 'App\\Models\\User', 23),
(2, 'App\\Models\\User', 24),
(2, 'App\\Models\\User', 25),
(2, 'App\\Models\\User', 26),
(2, 'App\\Models\\User', 27),
(2, 'App\\Models\\User', 28),
(2, 'App\\Models\\User', 29),
(2, 'App\\Models\\User', 30),
(2, 'App\\Models\\User', 31),
(2, 'App\\Models\\User', 32),
(2, 'App\\Models\\User', 33),
(2, 'App\\Models\\User', 34),
(2, 'App\\Models\\User', 35),
(2, 'App\\Models\\User', 36),
(2, 'App\\Models\\User', 37),
(2, 'App\\Models\\User', 38),
(2, 'App\\Models\\User', 39),
(2, 'App\\Models\\User', 40),
(2, 'App\\Models\\User', 41),
(2, 'App\\Models\\User', 42),
(2, 'App\\Models\\User', 43),
(2, 'App\\Models\\User', 44),
(2, 'App\\Models\\User', 45),
(2, 'App\\Models\\User', 46),
(2, 'App\\Models\\User', 47),
(2, 'App\\Models\\User', 48),
(2, 'App\\Models\\User', 49),
(2, 'App\\Models\\User', 50),
(2, 'App\\Models\\User', 51),
(2, 'App\\Models\\User', 52);

-- --------------------------------------------------------

--
-- Table structure for table `model_or_names`
--

CREATE TABLE `model_or_names` (
  `id` bigint(20) UNSIGNED NOT NULL,
  `name` varchar(50) COLLATE utf8mb4_unicode_ci NOT NULL,
  `created_at` timestamp NULL DEFAULT NULL,
  `updated_at` timestamp NULL DEFAULT NULL,
  `deleted_at` timestamp NULL DEFAULT NULL
) ENGINE=InnoDB DEFAULT CHARSET=utf8mb4 COLLATE=utf8mb4_unicode_ci;

--
-- Dumping data for table `model_or_names`
--

INSERT INTO `model_or_names` (`id`, `name`, `created_at`, `updated_at`, `deleted_at`) VALUES
(1, 'soluta', '2022-01-16 14:06:09', '2022-01-16 14:06:09', NULL),
(2, 'dolores', '2022-01-16 14:06:09', '2022-01-16 14:06:09', NULL),
(3, 'praesentium', '2022-01-16 14:06:09', '2022-01-16 14:06:09', NULL),
(4, 'commodi', '2022-01-16 14:06:09', '2022-01-16 14:06:09', NULL),
(5, 'fugiat', '2022-01-16 14:06:09', '2022-01-16 14:06:09', NULL),
(6, 'quidem', '2022-01-16 14:06:09', '2022-01-16 14:06:09', NULL),
(7, 'eligendi', '2022-01-16 14:06:09', '2022-01-16 14:06:09', NULL),
(8, 'saepe', '2022-01-16 14:06:09', '2022-01-16 14:06:09', NULL),
(9, 'quam', '2022-01-16 14:06:09', '2022-01-16 14:06:09', NULL),
(10, 'voluptatum', '2022-01-16 14:06:09', '2022-01-16 14:06:09', NULL),
(11, 'id', '2022-01-16 14:06:09', '2022-01-16 14:06:09', NULL),
(12, 'corporis', '2022-01-16 14:06:09', '2022-01-16 14:06:09', NULL),
(13, 'ab', '2022-01-16 14:06:09', '2022-01-16 14:06:09', NULL),
(14, 'iusto', '2022-01-16 14:06:09', '2022-01-16 14:06:09', NULL),
(15, 'labore', '2022-01-16 14:06:09', '2022-01-16 14:06:09', NULL),
(16, 'deserunt', '2022-01-16 14:06:09', '2022-01-16 14:06:09', NULL),
(17, 'sapiente', '2022-01-16 14:06:09', '2022-01-16 14:06:09', NULL),
(18, 'inventore', '2022-01-16 14:06:09', '2022-01-16 14:06:09', NULL),
(19, 'eum', '2022-01-16 14:06:09', '2022-01-16 14:06:09', NULL),
(20, 'vero', '2022-01-16 14:06:09', '2022-01-16 14:06:09', NULL),
(21, 'error', '2022-01-16 14:06:09', '2022-01-16 14:06:09', NULL),
(22, 'aperiam', '2022-01-16 14:06:09', '2022-01-16 14:06:09', NULL),
(23, 'iste', '2022-01-16 14:06:09', '2022-01-16 14:06:09', NULL),
(24, 'atque', '2022-01-16 14:06:09', '2022-01-16 14:06:09', NULL),
(25, 'magnam', '2022-01-16 14:06:09', '2022-01-16 14:06:09', NULL),
(26, 'asperiores', '2022-01-16 14:06:09', '2022-01-16 14:06:09', NULL),
(27, 'voluptatibus', '2022-01-16 14:06:09', '2022-01-16 14:06:09', NULL),
(28, 'magni', '2022-01-16 14:06:09', '2022-01-16 14:06:09', NULL),
(29, 'rem', '2022-01-16 14:06:09', '2022-01-16 14:06:09', NULL),
(30, 'animi', '2022-01-16 14:06:09', '2022-01-16 14:06:09', NULL),
(31, 'quibusdam', '2022-01-16 14:06:09', '2022-01-16 14:06:09', NULL),
(32, 'earum', '2022-01-16 14:06:09', '2022-01-16 14:06:09', NULL),
(33, 'perferendis', '2022-01-16 14:06:09', '2022-01-16 14:06:09', NULL),
(34, 'nam', '2022-01-16 14:06:09', '2022-01-16 14:06:09', NULL),
(35, 'aliquam', '2022-01-16 14:06:09', '2022-01-16 14:06:09', NULL),
(36, 'alias', '2022-01-16 14:06:09', '2022-01-16 14:06:09', NULL),
(37, 'incidunt', '2022-01-16 14:06:09', '2022-01-16 14:06:09', NULL),
(38, 'iure', '2022-01-16 14:06:09', '2022-01-16 14:06:09', NULL),
(39, 'repellat', '2022-01-16 14:06:09', '2022-01-16 14:06:09', NULL),
(40, 'natus', '2022-01-16 14:06:09', '2022-01-16 14:06:09', NULL),
(41, 'mollitia', '2022-01-16 14:06:09', '2022-01-16 14:06:09', NULL),
(42, 'culpa', '2022-01-16 14:06:09', '2022-01-16 14:06:09', NULL),
(43, 'doloribus', '2022-01-16 14:06:09', '2022-01-16 14:06:09', NULL),
(44, 'ducimus', '2022-01-16 14:06:09', '2022-01-16 14:06:09', NULL),
(45, 'excepturi', '2022-01-16 14:06:09', '2022-01-16 14:06:09', NULL),
(46, 'tempora', '2022-01-16 14:06:09', '2022-01-16 14:06:09', NULL),
(47, 'possimus', '2022-01-16 14:06:09', '2022-01-16 14:06:09', NULL),
(48, 'cumque', '2022-01-16 14:06:09', '2022-01-16 14:06:09', NULL),
(49, 'occaecati', '2022-01-16 14:06:09', '2022-01-16 14:06:09', NULL),
(50, 'quisquam', '2022-01-16 14:06:09', '2022-01-16 14:06:09', NULL);

-- --------------------------------------------------------

--
-- Table structure for table `password_resets`
--

CREATE TABLE `password_resets` (
  `email` varchar(255) COLLATE utf8mb4_unicode_ci NOT NULL,
  `token` varchar(255) COLLATE utf8mb4_unicode_ci NOT NULL,
  `created_at` timestamp NULL DEFAULT NULL
) ENGINE=InnoDB DEFAULT CHARSET=utf8mb4 COLLATE=utf8mb4_unicode_ci;

-- --------------------------------------------------------

--
-- Table structure for table `permissions`
--

CREATE TABLE `permissions` (
  `id` bigint(20) UNSIGNED NOT NULL,
  `name` varchar(255) COLLATE utf8mb4_unicode_ci NOT NULL,
  `guard_name` varchar(255) COLLATE utf8mb4_unicode_ci NOT NULL,
  `created_at` timestamp NULL DEFAULT NULL,
  `updated_at` timestamp NULL DEFAULT NULL
) ENGINE=InnoDB DEFAULT CHARSET=utf8mb4 COLLATE=utf8mb4_unicode_ci;

--
-- Dumping data for table `permissions`
--

INSERT INTO `permissions` (`id`, `name`, `guard_name`, `created_at`, `updated_at`) VALUES
(1, 'log-viewer.index', 'web', '2022-01-16 14:06:03', '2022-01-16 14:06:03'),
(2, 'users.index', 'web', '2022-01-16 14:06:03', '2022-01-16 14:06:03'),
(3, 'users.store', 'web', '2022-01-16 14:06:03', '2022-01-16 14:06:03'),
(4, 'users.edit', 'web', '2022-01-16 14:06:03', '2022-01-16 14:06:03'),
(5, 'users.destroy', 'web', '2022-01-16 14:06:03', '2022-01-16 14:06:03'),
(6, 'users.change_role', 'web', '2022-01-16 14:06:03', '2022-01-16 14:06:03'),
(7, 'manufacturers.index', 'web', '2022-01-16 14:06:03', '2022-01-16 14:06:03'),
(8, 'manufacturers.store', 'web', '2022-01-16 14:06:03', '2022-01-16 14:06:03'),
(9, 'manufacturers.edit', 'web', '2022-01-16 14:06:03', '2022-01-16 14:06:03'),
(10, 'manufacturers.destroy', 'web', '2022-01-16 14:06:03', '2022-01-16 14:06:03'),
(11, 'models.index', 'web', '2022-01-16 14:06:03', '2022-01-16 14:06:03'),
(12, 'models.store', 'web', '2022-01-16 14:06:03', '2022-01-16 14:06:03'),
(13, 'models.edit', 'web', '2022-01-16 14:06:03', '2022-01-16 14:06:03'),
(14, 'models.destroy', 'web', '2022-01-16 14:06:03', '2022-01-16 14:06:03'),
(15, 'items.index', 'web', '2022-01-16 14:06:03', '2022-01-16 14:06:03'),
(16, 'items.store', 'web', '2022-01-16 14:06:04', '2022-01-16 14:06:04'),
(17, 'items.edit', 'web', '2022-01-16 14:06:04', '2022-01-16 14:06:04'),
(18, 'items.destroy', 'web', '2022-01-16 14:06:04', '2022-01-16 14:06:04'),
(19, 'categories.index', 'web', '2022-01-16 14:06:04', '2022-01-16 14:06:04'),
(20, 'categories.store', 'web', '2022-01-16 14:06:04', '2022-01-16 14:06:04'),
(21, 'categories.edit', 'web', '2022-01-16 14:06:04', '2022-01-16 14:06:04'),
(22, 'categories.destroy', 'web', '2022-01-16 14:06:04', '2022-01-16 14:06:04'),
(23, 'itemsUsers.index', 'web', '2022-01-16 14:06:04', '2022-01-16 14:06:04'),
(24, 'itemsUsers.store', 'web', '2022-01-16 14:06:04', '2022-01-16 14:06:04'),
(25, 'itemsUsers.edit', 'web', '2022-01-16 14:06:04', '2022-01-16 14:06:04'),
(26, 'itemsUsers.destroy', 'web', '2022-01-16 14:06:04', '2022-01-16 14:06:04'),
(27, 'itemsUsers.index_to_me', 'web', '2022-01-16 14:06:04', '2022-01-16 14:06:04');

-- --------------------------------------------------------

--
-- Table structure for table `personal_access_tokens`
--

CREATE TABLE `personal_access_tokens` (
  `id` bigint(20) UNSIGNED NOT NULL,
  `tokenable_type` varchar(255) COLLATE utf8mb4_unicode_ci NOT NULL,
  `tokenable_id` bigint(20) UNSIGNED NOT NULL,
  `name` varchar(255) COLLATE utf8mb4_unicode_ci NOT NULL,
  `token` varchar(64) COLLATE utf8mb4_unicode_ci NOT NULL,
  `abilities` text COLLATE utf8mb4_unicode_ci DEFAULT NULL,
  `last_used_at` timestamp NULL DEFAULT NULL,
  `created_at` timestamp NULL DEFAULT NULL,
  `updated_at` timestamp NULL DEFAULT NULL
) ENGINE=InnoDB DEFAULT CHARSET=utf8mb4 COLLATE=utf8mb4_unicode_ci;

-- --------------------------------------------------------

--
-- Table structure for table `roles`
--

CREATE TABLE `roles` (
  `id` bigint(20) UNSIGNED NOT NULL,
  `name` varchar(255) COLLATE utf8mb4_unicode_ci NOT NULL,
  `guard_name` varchar(255) COLLATE utf8mb4_unicode_ci NOT NULL,
  `created_at` timestamp NULL DEFAULT NULL,
  `updated_at` timestamp NULL DEFAULT NULL
) ENGINE=InnoDB DEFAULT CHARSET=utf8mb4 COLLATE=utf8mb4_unicode_ci;

--
-- Dumping data for table `roles`
--

INSERT INTO `roles` (`id`, `name`, `guard_name`, `created_at`, `updated_at`) VALUES
(1, 'admin', 'web', '2022-01-16 14:06:03', '2022-01-16 14:06:03'),
(2, 'user', 'web', '2022-01-16 14:06:03', '2022-01-16 14:06:03');

-- --------------------------------------------------------

--
-- Table structure for table `role_has_permissions`
--

CREATE TABLE `role_has_permissions` (
  `permission_id` bigint(20) UNSIGNED NOT NULL,
  `role_id` bigint(20) UNSIGNED NOT NULL
) ENGINE=InnoDB DEFAULT CHARSET=utf8mb4 COLLATE=utf8mb4_unicode_ci;

--
-- Dumping data for table `role_has_permissions`
--

INSERT INTO `role_has_permissions` (`permission_id`, `role_id`) VALUES
(1, 1),
(2, 1),
(3, 1),
(4, 1),
(5, 1),
(6, 1),
(7, 1),
(8, 1),
(9, 1),
(10, 1),
(11, 1),
(12, 1),
(13, 1),
(14, 1),
(15, 1),
(16, 1),
(17, 1),
(18, 1),
(19, 1),
(20, 1),
(21, 1),
(22, 1),
(23, 1),
(24, 1),
(25, 1),
(26, 1),
(27, 1),
(27, 2);

-- --------------------------------------------------------

--
-- Table structure for table `users`
--

CREATE TABLE `users` (
  `id` bigint(20) UNSIGNED NOT NULL,
  `name` varchar(255) COLLATE utf8mb4_unicode_ci NOT NULL,
  `email` varchar(255) COLLATE utf8mb4_unicode_ci NOT NULL,
  `email_verified_at` timestamp NULL DEFAULT NULL,
  `password` varchar(255) COLLATE utf8mb4_unicode_ci NOT NULL,
  `remember_token` varchar(100) COLLATE utf8mb4_unicode_ci DEFAULT NULL,
  `created_at` timestamp NULL DEFAULT NULL,
  `updated_at` timestamp NULL DEFAULT NULL,
  `deleted_at` timestamp NULL DEFAULT NULL
) ENGINE=InnoDB DEFAULT CHARSET=utf8mb4 COLLATE=utf8mb4_unicode_ci;

--
-- Dumping data for table `users`
--

INSERT INTO `users` (`id`, `name`, `email`, `email_verified_at`, `password`, `remember_token`, `created_at`, `updated_at`, `deleted_at`) VALUES
(1, 'admin1', 'admin1@localhost', '2022-01-16 14:06:04', '$2y$10$1jTbeZzAVyCCpxjqiZjLY.5UJf08Qu1R3DFwvn/yO2dvHGP5YVDNK', NULL, '2022-01-16 14:06:04', '2022-01-16 14:06:04', NULL),
(2, 'wojtekkonieczny', 'user1@localhost', '2022-01-16 14:06:04', '$2y$10$KIAAXORqAnbwkDSq0hwcU.u5DpO9QYmHY3yEy.ikOLvTXYF/90yhS', NULL, '2022-01-16 14:06:05', '2022-01-16 14:06:05', NULL),
(3, 'Miss Felipa Spencer', 'abagail70@example.com', '2022-01-16 14:06:05', '$2y$10$g9oPdXYr7M6j7d0rX10pXut6BNE6o7qn67T8CHS5K5yyxOZgxxyLy', 'geN9UNXPVv', '2022-01-16 14:06:09', '2022-01-16 14:06:09', NULL),
(4, 'Gilberto Daugherty', 'lemke.carlotta@example.com', '2022-01-16 14:06:05', '$2y$10$2.JFH0B2iSf.dTZDPs05CO308c2XqoSWnK5DBNz8lZ1WZdW7eCAdO', '0QU2qJRaw9', '2022-01-16 14:06:09', '2022-01-16 14:06:09', NULL),
(5, 'Ms. Helena Kautzer I', 'daugherty.carol@example.org', '2022-01-16 14:06:05', '$2y$10$MCT/hcIGsx3OOcJRTUlOPOi/JFUE.RyY8QMYjaUdeP9wpln0R2GAm', 'JFTyunqzeG', '2022-01-16 14:06:09', '2022-01-16 14:06:09', NULL),
(6, 'Toni Konopelski', 'muriel.batz@example.net', '2022-01-16 14:06:05', '$2y$10$4jKupGx/2949ObhgB2phR.K1.ic8hhct6aUeGT0pCuiOm2fQmK.ei', 'mFcij82rRO', '2022-01-16 14:06:09', '2022-01-16 14:06:09', NULL),
(7, 'Chadrick Buckridge', 'jany.rolfson@example.org', '2022-01-16 14:06:05', '$2y$10$QzjTBaLa1PDIVZTwT.DueOe00nB079q3Ux1wGLcp8MNDdgxTcIysC', '3jvQfFvcq3', '2022-01-16 14:06:09', '2022-01-16 14:06:09', NULL),
(8, 'Dr. River Beatty Sr.', 'pfannerstill.berenice@example.org', '2022-01-16 14:06:05', '$2y$10$FO8ae4zpNIZs/TU.jSYrRe9XmuLkGTyQxgiZDl3nTNRqMiOyyazfu', 'MGuwut4uNJ', '2022-01-16 14:06:09', '2022-01-16 14:06:09', NULL),
(9, 'Dillon Bartell V', 'isaias85@example.net', '2022-01-16 14:06:05', '$2y$10$lw5d7fer/dlNnJq1rhiwdOiMXRamV8YBwXwimvv5cKu2ej4wv4qYK', 'kxaTgddSyf', '2022-01-16 14:06:09', '2022-01-16 14:06:09', NULL),
(10, 'Flo Prosacco', 'ellsworth.carroll@example.com', '2022-01-16 14:06:05', '$2y$10$Id07r5ZETC/uQSnmlDFFFeA9LKkoLfzpncAeFOYsg7YhRevPcM4/S', '2XX0ZdxHf1', '2022-01-16 14:06:09', '2022-01-16 14:06:09', NULL),
(11, 'Prof. Shane King MD', 'jamir.adams@example.net', '2022-01-16 14:06:05', '$2y$10$1ibvEeMvboey0y5oHj8AreeG0daOqrqL1gQrmesfEg6No6s2vP7K2', 'SV0RkspbLi', '2022-01-16 14:06:09', '2022-01-16 14:06:09', NULL),
(12, 'Prof. Laron Konopelski', 'friesen.jerel@example.com', '2022-01-16 14:06:05', '$2y$10$ATzaDiVU9.1N3QTN2yJ8vuNInDG3r1PX8Fx6ZIoLvTJi8lDxmoQcS', 'N0N19bA7oG', '2022-01-16 14:06:09', '2022-01-16 14:06:09', NULL),
(13, 'Taryn Luettgen', 'weston23@example.net', '2022-01-16 14:06:06', '$2y$10$fwkhX7gWyl6evzPb75NfxeG/p6Rcq/2qbzWUdjCJxTkvULZLz5ZMG', '6yxiyt0gK3', '2022-01-16 14:06:09', '2022-01-16 14:06:09', NULL),
(14, 'Howard Hane', 'aconroy@example.org', '2022-01-16 14:06:06', '$2y$10$e8Ss24BiFTmv9e.Mqfdx2uJCv5KOqKa7rPEs8fgNtrqAdNpxRCnii', '005UtyJDFT', '2022-01-16 14:06:09', '2022-01-16 14:06:09', NULL),
(15, 'Jack Emmerich IV', 'schmidt.winifred@example.net', '2022-01-16 14:06:06', '$2y$10$ozM./7QHNNL8x6ZGoJ77Zerv/FY4yHAAlLxa/24Ek4xGjDVogSuT6', 'SSwEFt59kr', '2022-01-16 14:06:09', '2022-01-16 14:06:09', NULL),
(16, 'Garland VonRueden', 'russel.esmeralda@example.org', '2022-01-16 14:06:06', '$2y$10$l.xp6XYkuVfXBTcmt8VNdO.qTkUJynpsE3BZ7opqKBRN905p1lK6i', 'OI22jYl41m', '2022-01-16 14:06:09', '2022-01-16 14:06:09', NULL),
(17, 'Dr. Carter Stoltenberg II', 'neva.walsh@example.org', '2022-01-16 14:06:06', '$2y$10$4kZ9drWh/lBF2ug80yaD1ej4BJpKNs8iuWGzzf2.32ADVCpdzE5hq', 'Z6GKW4Doef', '2022-01-16 14:06:09', '2022-01-16 14:06:09', NULL),
(18, 'Theresia Johns', 'grady.alva@example.net', '2022-01-16 14:06:06', '$2y$10$bfHnM/lvsQEAKnQg3tL1LORLOo.VE0y5X4UzXaqPMs9zLIf9Vp.qO', 'e7WRl907Ab', '2022-01-16 14:06:09', '2022-01-16 14:06:09', NULL),
(19, 'Ruthe Davis', 'nboyle@example.com', '2022-01-16 14:06:06', '$2y$10$NLyH6IAQsQYEKz28J6mzfOLJMhzf3br5vEH9vQxkBtcgu6KssNVz.', 'T58Y3BjMgZ', '2022-01-16 14:06:09', '2022-01-16 14:06:09', NULL),
(20, 'Cale Stracke', 'zion79@example.com', '2022-01-16 14:06:06', '$2y$10$PIt3Lk9nDbrriLm1Uy81peLHKKQ0bEV77JKSFeTLRfdykVMlD1oyq', '0TJVFa4UaU', '2022-01-16 14:06:09', '2022-01-16 14:06:09', NULL),
(21, 'Jeanette Schmidt PhD', 'dframi@example.org', '2022-01-16 14:06:06', '$2y$10$6w.KhrwTfdX8QggmAq8rm.vRZLXIvmqLMjtKSCAXSjOw7uswx4hie', 'XMBV2pY4yV', '2022-01-16 14:06:09', '2022-01-16 14:06:09', NULL),
(22, 'Jodie Bayer', 'llueilwitz@example.net', '2022-01-16 14:06:06', '$2y$10$kHfGvyISvPsbpUIbBfInNunw1kT4vBdGdAP/cFH5SMLv29evD8iXy', 'HXP0hTo9SC', '2022-01-16 14:06:09', '2022-01-16 14:06:09', NULL),
(23, 'Miss Talia Hegmann III', 'gutkowski.herta@example.net', '2022-01-16 14:06:06', '$2y$10$r1OEbjtEL7EdIOhzBZoPD.qpp.UGx6Z7D3CuBrVIJJ586CQp86eNm', 'D9gwWwy517', '2022-01-16 14:06:09', '2022-01-16 14:06:09', NULL),
(24, 'Joana Connelly Jr.', 'margaret.sauer@example.com', '2022-01-16 14:06:06', '$2y$10$UuBVdTqbnSfol.wYLHfuAuccPj5ZkyJh7TadW7woRncPljKxNxN4O', 'bo1ZVJi4L2', '2022-01-16 14:06:09', '2022-01-16 14:06:09', NULL),
(25, 'Lisa Schmeler', 'donald.emard@example.net', '2022-01-16 14:06:06', '$2y$10$ho//WJxf.oP6QjPk0FnFi.ErwKraDt8sq.WbtBVcvGBx/1vVHZj5q', 'iMECsTJuFM', '2022-01-16 14:06:09', '2022-01-16 14:06:09', NULL),
(26, 'Prof. Tristin Smitham', 'elisha08@example.net', '2022-01-16 14:06:07', '$2y$10$cQpTG5drIhwQiaj4HS3dDOpBhrpYNraILDsCmeHqO5LT.1TahbY8G', 'CQXNOyyrrr', '2022-01-16 14:06:09', '2022-01-16 14:06:09', NULL),
(27, 'Frederik Kertzmann', 'lauriane19@example.org', '2022-01-16 14:06:07', '$2y$10$L3ahAbqq/z4SMlhaTol1.OQRrWlRRQO25u7RwbAaBtF.0guAiPVTy', 'rANZLGPkG4', '2022-01-16 14:06:09', '2022-01-16 14:06:09', NULL),
(28, 'Dr. Bud Bailey II', 'mupton@example.net', '2022-01-16 14:06:07', '$2y$10$RdiqjTXc55TuZyhqmPi8L.L7KSHto6qSLBrCsPsC1KPqbVWG4Vkh.', 'kcosgCXsJN', '2022-01-16 14:06:09', '2022-01-16 14:06:09', NULL),
(29, 'Prof. Thaddeus Barrows', 'cummerata.markus@example.net', '2022-01-16 14:06:07', '$2y$10$v9tRaUVvcxiErh3Y.XRKN.XVMZiPPZWKG3AiBJHXIPxMyy0nTOENW', 'P5TGDLMcqK', '2022-01-16 14:06:09', '2022-01-16 14:06:09', NULL),
(30, 'Prof. Randy Brekke', 'annie.herman@example.net', '2022-01-16 14:06:07', '$2y$10$fVORj5gFGKOZaaa.WU8PYu7H5WehL.MR0W4nfrdQ/m/KvZ/bWyn8.', 'A2TfIfZuIg', '2022-01-16 14:06:09', '2022-01-16 14:06:09', NULL),
(31, 'Elton Wuckert', 'kuhlman.johnnie@example.com', '2022-01-16 14:06:07', '$2y$10$.hsFTo4WgBPIbU1zBIaxnOYwbJpJdvfN83jk77zZIiGpeY2SeZLHy', 'FNkjWidCj7', '2022-01-16 14:06:09', '2022-01-16 14:06:09', NULL),
(32, 'Destiney Gerlach III', 'cartwright.monte@example.com', '2022-01-16 14:06:07', '$2y$10$PuB8jV68.Yuu93fuEG3O0O.xKzggyge2iB/vCrDlz2d6zkfc8xXs2', 'jHsUVFfDZg', '2022-01-16 14:06:09', '2022-01-16 14:06:09', NULL),
(33, 'Boyd Huel', 'anahi53@example.net', '2022-01-16 14:06:07', '$2y$10$.4WpjiX2TipJ.XHDN.FwCel4S6cLlzkGenUU5RfC7.LgQMfFwy2JC', 'z6PmVzd8o9', '2022-01-16 14:06:09', '2022-01-16 14:06:09', NULL),
(34, 'Bart Russel', 'leta.hahn@example.com', '2022-01-16 14:06:07', '$2y$10$MmJoyrF8Sz/hV/bRISRbB.Ct2u.OPRGGEjCA1LdpORfWqCWUk0tKC', 'YU4LYzctpz', '2022-01-16 14:06:09', '2022-01-16 14:06:09', NULL),
(35, 'Prof. Darwin Wolff Sr.', 'hills.cordie@example.net', '2022-01-16 14:06:07', '$2y$10$R9ZlfytaMofj3y7A1emEU.7fVcZ7zKwOcinKJjnMHRAZveAz/iOZq', 'lcxjwOZdLt', '2022-01-16 14:06:09', '2022-01-16 14:06:09', NULL),
(36, 'Prof. Adriel Prosacco', 'mcremin@example.org', '2022-01-16 14:06:07', '$2y$10$kjVg12qhugJrHnHIz56z.O/./h80nLQTrzK/FU/FKgauRlR7wKGNW', 'RuKJ2QqSMC', '2022-01-16 14:06:09', '2022-01-16 14:06:09', NULL),
(37, 'Braeden Koss DVM', 'jacobson.concepcion@example.com', '2022-01-16 14:06:07', '$2y$10$lGjYqdIB9/4UCL9lHi7KM.xTrp36jT.uo/.5Qf.DscK1BhXDXlcLK', 'XS2yWguWmP', '2022-01-16 14:06:09', '2022-01-16 14:06:09', NULL),
(38, 'Dr. Andreanne Padberg II', 'halie.friesen@example.com', '2022-01-16 14:06:07', '$2y$10$ZIxy64e80ezZk0cZM7gHguL5HrAhSFyoyyWpgeL0akevReMIaBfEC', 'WCE6glk6id', '2022-01-16 14:06:09', '2022-01-16 14:06:09', NULL),
(39, 'Humberto Douglas DVM', 'libbie00@example.net', '2022-01-16 14:06:07', '$2y$10$3k9yKVGlO.CX9CM08xB7uOXYhYdOWbrEQ/IYIYV/nb.YKQB2jrYQ6', 'nXtBkS9V3c', '2022-01-16 14:06:09', '2022-01-16 14:06:09', NULL),
(40, 'Marlee Lakin', 'rahsaan.keebler@example.org', '2022-01-16 14:06:08', '$2y$10$Y43KOCV9FcxOwoTLwbTDLO0CCwqRT8HeCM8bh6EMAPabUDJx5K9Um', 'bxIkdnD4aJ', '2022-01-16 14:06:09', '2022-01-16 14:06:09', NULL),
(41, 'Enrique Conroy', 'reece.harvey@example.net', '2022-01-16 14:06:08', '$2y$10$cozqb8TIm8f4gHYUnjEzhuoaJ.xNTJVaTuu.c/wC648fHDZT4uHri', 'gqSqVQeIeY', '2022-01-16 14:06:09', '2022-01-16 14:06:09', NULL),
(42, 'Madelynn Terry', 'jconn@example.org', '2022-01-16 14:06:08', '$2y$10$clTSnirKj3pnlidbDLGRb.v.wcBC5BKP4E388wWoZEm6MFTQTAsm2', 'xZR34PGchB', '2022-01-16 14:06:09', '2022-01-16 14:06:09', NULL),
(43, 'Rosa Green', 'corbin.mohr@example.org', '2022-01-16 14:06:08', '$2y$10$Gi915WxbwnHypctjJW88ROWG7Zv4mjAAcMHVsLwWw/MEfHfyacvwe', 'TqWxd67LtQ', '2022-01-16 14:06:09', '2022-01-16 14:06:09', NULL),
(44, 'Cecil Herman', 'lubowitz.lincoln@example.com', '2022-01-16 14:06:08', '$2y$10$145vAq78nXQs0V9qZ27dZ.oEPoH9m7Ibwc5WfKo/XUbITvYwAF9B.', 'pWBYeJwhJq', '2022-01-16 14:06:09', '2022-01-16 14:06:09', NULL),
(45, 'Pansy Schroeder', 'stark.ernestina@example.com', '2022-01-16 14:06:08', '$2y$10$ukWizYsAxfPTpDCPoYRb6O.Df4CWvhSenvXVsYJiiOBx7TDd249ka', 'LoempLpje2', '2022-01-16 14:06:09', '2022-01-16 14:06:09', NULL),
(46, 'Rae Doyle', 'coty34@example.org', '2022-01-16 14:06:08', '$2y$10$DwhnTPkO7hHeE81e53h93eICTnTP6O8qA8gbMSQw1e.anA17XiV6y', 'LPhBtRXdCF', '2022-01-16 14:06:09', '2022-01-16 14:06:09', NULL),
(47, 'Kenna Spencer PhD', 'moore.augustus@example.com', '2022-01-16 14:06:08', '$2y$10$zHb/BfbmarAhB9dVpI2xTuN44G3D1bx80bj6wf51McroqDif05g26', '1tytgoJyc6', '2022-01-16 14:06:09', '2022-01-16 14:06:09', NULL),
(48, 'Arielle Shanahan', 'wjohnson@example.net', '2022-01-16 14:06:08', '$2y$10$N6F.8Mk3xq5iN0c2Bzhc9O2jP./MnkAm97gKQ0FDadcmms6SJxxGy', 't19kIlJsIc', '2022-01-16 14:06:09', '2022-01-16 14:06:09', NULL),
(49, 'Zita Morar', 'rhett.jones@example.net', '2022-01-16 14:06:08', '$2y$10$gVFtmWx2YlpCobOAtQTdv.Gyz9Sq/byavt4RDNkRQOegFLTo5DMP2', 'POF9wxRRWX', '2022-01-16 14:06:09', '2022-01-16 14:06:09', NULL),
(50, 'Mrs. Ofelia McLaughlin I', 'kory.kuhn@example.net', '2022-01-16 14:06:08', '$2y$10$11XrpGrplk2Lg6phyfVTgOFNBRPpjQjSRmu9L3mAXIZUYROmxCT1i', 'OfWWptsaVB', '2022-01-16 14:06:09', '2022-01-16 14:06:09', NULL),
(51, 'Ryleigh Haley PhD', 'emmy22@example.net', '2022-01-16 14:06:08', '$2y$10$Iwuy5RNu0bLw/oFL4WNQMOGmVj56rc81ekPYvN7BQXIDqgqIAhHeG', 'wMgkjl0kY8', '2022-01-16 14:06:09', '2022-01-16 14:06:09', NULL),
(52, 'Dorcas Schmidt Jr.', 'crooks.brant@example.org', '2022-01-16 14:06:09', '$2y$10$.MuCG1BZ2FAQesMXRmg6FOcEX8sxCPd3xxKnzdQuUcwPwYuwtb5xu', '2YALKTJc3b', '2022-01-16 14:06:09', '2022-01-16 14:06:09', NULL);

--
-- Indexes for dumped tables
--

--
-- Indexes for table `categories`
--
ALTER TABLE `categories`
  ADD PRIMARY KEY (`id`),
  ADD UNIQUE KEY `categories_name_unique` (`name`);

--
-- Indexes for table `failed_jobs`
--
ALTER TABLE `failed_jobs`
  ADD PRIMARY KEY (`id`),
  ADD UNIQUE KEY `failed_jobs_uuid_unique` (`uuid`);

--
-- Indexes for table `items`
--
ALTER TABLE `items`
  ADD PRIMARY KEY (`id`),
  ADD KEY `items_manufacturer_id_foreign` (`manufacturer_id`),
  ADD KEY `items_model_or_name_id_foreign` (`model_or_name_id`),
  ADD KEY `items_category_id_foreign` (`category_id`);

--
-- Indexes for table `item_user`
--
ALTER TABLE `item_user`
  ADD PRIMARY KEY (`id`),
  ADD UNIQUE KEY `item_user_serial_number_unique` (`serial_number`),
  ADD KEY `item_user_item_id_foreign` (`item_id`),
  ADD KEY `item_user_user_id_foreign` (`user_id`);

--
-- Indexes for table `manufacturers`
--
ALTER TABLE `manufacturers`
  ADD PRIMARY KEY (`id`),
  ADD UNIQUE KEY `manufacturers_name_unique` (`name`);

--
-- Indexes for table `migrations`
--
ALTER TABLE `migrations`
  ADD PRIMARY KEY (`id`);

--
-- Indexes for table `model_has_permissions`
--
ALTER TABLE `model_has_permissions`
  ADD PRIMARY KEY (`permission_id`,`model_id`,`model_type`),
  ADD KEY `model_has_permissions_model_id_model_type_index` (`model_id`,`model_type`);

--
-- Indexes for table `model_has_roles`
--
ALTER TABLE `model_has_roles`
  ADD PRIMARY KEY (`role_id`,`model_id`,`model_type`),
  ADD KEY `model_has_roles_model_id_model_type_index` (`model_id`,`model_type`);

--
-- Indexes for table `model_or_names`
--
ALTER TABLE `model_or_names`
  ADD PRIMARY KEY (`id`),
  ADD UNIQUE KEY `model_or_names_name_unique` (`name`);

--
-- Indexes for table `password_resets`
--
ALTER TABLE `password_resets`
  ADD KEY `password_resets_email_index` (`email`);

--
-- Indexes for table `permissions`
--
ALTER TABLE `permissions`
  ADD PRIMARY KEY (`id`),
  ADD UNIQUE KEY `permissions_name_guard_name_unique` (`name`,`guard_name`);

--
-- Indexes for table `personal_access_tokens`
--
ALTER TABLE `personal_access_tokens`
  ADD PRIMARY KEY (`id`),
  ADD UNIQUE KEY `personal_access_tokens_token_unique` (`token`),
  ADD KEY `personal_access_tokens_tokenable_type_tokenable_id_index` (`tokenable_type`,`tokenable_id`);

--
-- Indexes for table `roles`
--
ALTER TABLE `roles`
  ADD PRIMARY KEY (`id`),
  ADD UNIQUE KEY `roles_name_guard_name_unique` (`name`,`guard_name`);

--
-- Indexes for table `role_has_permissions`
--
ALTER TABLE `role_has_permissions`
  ADD PRIMARY KEY (`permission_id`,`role_id`),
  ADD KEY `role_has_permissions_role_id_foreign` (`role_id`);

--
-- Indexes for table `users`
--
ALTER TABLE `users`
  ADD PRIMARY KEY (`id`),
  ADD UNIQUE KEY `users_email_unique` (`email`);

--
-- AUTO_INCREMENT for dumped tables
--

--
-- AUTO_INCREMENT for table `categories`
--
ALTER TABLE `categories`
  MODIFY `id` bigint(20) UNSIGNED NOT NULL AUTO_INCREMENT, AUTO_INCREMENT=51;

--
-- AUTO_INCREMENT for table `failed_jobs`
--
ALTER TABLE `failed_jobs`
  MODIFY `id` bigint(20) UNSIGNED NOT NULL AUTO_INCREMENT;

--
-- AUTO_INCREMENT for table `items`
--
ALTER TABLE `items`
  MODIFY `id` bigint(20) UNSIGNED NOT NULL AUTO_INCREMENT, AUTO_INCREMENT=151;

--
-- AUTO_INCREMENT for table `item_user`
--
ALTER TABLE `item_user`
  MODIFY `id` bigint(20) UNSIGNED NOT NULL AUTO_INCREMENT, AUTO_INCREMENT=753;

--
-- AUTO_INCREMENT for table `manufacturers`
--
ALTER TABLE `manufacturers`
  MODIFY `id` bigint(20) UNSIGNED NOT NULL AUTO_INCREMENT, AUTO_INCREMENT=81;

--
-- AUTO_INCREMENT for table `migrations`
--
ALTER TABLE `migrations`
  MODIFY `id` int(10) UNSIGNED NOT NULL AUTO_INCREMENT, AUTO_INCREMENT=11;

--
-- AUTO_INCREMENT for table `model_or_names`
--
ALTER TABLE `model_or_names`
  MODIFY `id` bigint(20) UNSIGNED NOT NULL AUTO_INCREMENT, AUTO_INCREMENT=51;

--
-- AUTO_INCREMENT for table `permissions`
--
ALTER TABLE `permissions`
  MODIFY `id` bigint(20) UNSIGNED NOT NULL AUTO_INCREMENT, AUTO_INCREMENT=28;

--
-- AUTO_INCREMENT for table `personal_access_tokens`
--
ALTER TABLE `personal_access_tokens`
  MODIFY `id` bigint(20) UNSIGNED NOT NULL AUTO_INCREMENT;

--
-- AUTO_INCREMENT for table `roles`
--
ALTER TABLE `roles`
  MODIFY `id` bigint(20) UNSIGNED NOT NULL AUTO_INCREMENT, AUTO_INCREMENT=3;

--
-- AUTO_INCREMENT for table `users`
--
ALTER TABLE `users`
  MODIFY `id` bigint(20) UNSIGNED NOT NULL AUTO_INCREMENT, AUTO_INCREMENT=53;

--
-- Constraints for dumped tables
--

--
-- Constraints for table `items`
--
ALTER TABLE `items`
  ADD CONSTRAINT `items_category_id_foreign` FOREIGN KEY (`category_id`) REFERENCES `categories` (`id`) ON DELETE CASCADE,
  ADD CONSTRAINT `items_manufacturer_id_foreign` FOREIGN KEY (`manufacturer_id`) REFERENCES `manufacturers` (`id`) ON DELETE CASCADE,
  ADD CONSTRAINT `items_model_or_name_id_foreign` FOREIGN KEY (`model_or_name_id`) REFERENCES `model_or_names` (`id`) ON DELETE CASCADE;

--
-- Constraints for table `item_user`
--
ALTER TABLE `item_user`
  ADD CONSTRAINT `item_user_item_id_foreign` FOREIGN KEY (`item_id`) REFERENCES `items` (`id`) ON DELETE NO ACTION,
  ADD CONSTRAINT `item_user_user_id_foreign` FOREIGN KEY (`user_id`) REFERENCES `users` (`id`) ON DELETE NO ACTION;

--
-- Constraints for table `model_has_permissions`
--
ALTER TABLE `model_has_permissions`
  ADD CONSTRAINT `model_has_permissions_permission_id_foreign` FOREIGN KEY (`permission_id`) REFERENCES `permissions` (`id`) ON DELETE CASCADE;

--
-- Constraints for table `model_has_roles`
--
ALTER TABLE `model_has_roles`
  ADD CONSTRAINT `model_has_roles_role_id_foreign` FOREIGN KEY (`role_id`) REFERENCES `roles` (`id`) ON DELETE CASCADE;

--
-- Constraints for table `role_has_permissions`
--
ALTER TABLE `role_has_permissions`
  ADD CONSTRAINT `role_has_permissions_permission_id_foreign` FOREIGN KEY (`permission_id`) REFERENCES `permissions` (`id`) ON DELETE CASCADE,
  ADD CONSTRAINT `role_has_permissions_role_id_foreign` FOREIGN KEY (`role_id`) REFERENCES `roles` (`id`) ON DELETE CASCADE;
COMMIT;

/*!40101 SET CHARACTER_SET_CLIENT=@OLD_CHARACTER_SET_CLIENT */;
/*!40101 SET CHARACTER_SET_RESULTS=@OLD_CHARACTER_SET_RESULTS */;
/*!40101 SET COLLATION_CONNECTION=@OLD_COLLATION_CONNECTION */;
